ADUA,PAIS,COD_PAI4,COD_SAL,VIA,BANDERA,MODAD,DPTO2,UNID,CODUNI2,CANTI,PBK,PNK,FOBDOL,FOBPES,AGRENA,FLETES,SEGURO,OTROSG
90,196,CRI,BOG,4,169,198,5,33,KG,2.0,6.0,3.0,8.0,2.0,6.0,20.0,63150.0,4.0
3,589,PER,BOG,4,249,104,11,11,U,1.0,3.0,3.0,3.0,125.0,401070.0,0.0,0.0,0.0
3,239,ECU,BOG,4,850,104,11,11,U,6.0,,37.0,,37.0,502.0,74.0,1581690.0,42.0
3,573,NLD,BOG,4,23,198,5,33,KG,125.0,142.0,56.0,125.0,365.0,2.0,1148970.0,31.0,0.0
90,249,USA,MDE,4,211,198,5,11,U,65014.0,10591.0,9801.0,60023.0,8.0,190144714.0,2.0,0.0,0.0
3,399,JPN,BOG,4,23,199,11,11,U,71980.0,816.0,783.0,5400.0,17050608.0,0.0,0.0,0.0,0.0
3,249,USA,BOG,4,249,199,13,33,KG,426.0,2.0,457.0,2.0,426.0,2.0,4796.0,41.0,15115838.0
48,647,DOM,CTG,1,434,199,25,11,U,670000.0,326756.0,8.0,282168.0,4.0,182482.0,22.0,586190481.0,8.0
3,23,DEU,BOG,4,249,198,76,11,U,93553.0,513.0,9.0,427.0,53.0,7336.0,17.0,23102264.0,38.0
3,589,PER,BOG,4,249,198,5,11,U,89.0,16.0,11.0,14.0,37.0,204.0,663002.0,4.0,0.0
16,580,PAN,PEI,4,169,198,66,11,U,685.0,2749.0,67.0,2474.0,7.0,10275.0,33391181.0,25.0,0.0
3,249,USA,BOG,4,249,198,11,11,U,444.0,127.0,59.0,112.0,33.0,16614.0,66.0,52935848.0,38.0
3,580,PAN,BOG,4,169,198,11,33,KG,302.0,8.0,357.0,302.0,8.0,5072.0,3.0,15927985.0,73.0
37,239,ECU,IPI,3,239,199,5,33,KG,85.0,92.0,89.0,61.0,85.0,92.0,3625.0,4.0,11468807.0
48,23,DEU,CTG,1,467,198,25,11,U,1301.0,6071.0,57.0,6040.0,57.0,167238.0,87.0,524738712.0,8.0
48,589,PER,CTG,1,23,199,13,33,KG,63750.0,65110.0,63750.0,66309.0,88.0,211578509.0,6.0,64863.0,75.0
87,249,USA,BAQ,1,434,198,5,33,KG,3504.0,3758.0,3504.0,4835.0,52.0,15515056.0,5.0,0.0,395.0
90,239,ECU,BOG,4,239,199,5,11,U,363.0,48.0,57.0,42.0,76.0,11535.0,63.0,35997625.0,55.0
48,399,JPN,CTG,1,215,198,5,33,KG,17505.0,17655.0,17505.0,52484.0,99.0,164013494.0,4.0,0.0,0.0
3,647,DOM,BOG,4,580,198,25,33,KG,156.0,43.0,170.0,87.0,156.0,43.0,10681.0,31.0,33934543.0
48,196,CRI,CTG,1,741,198,5,33,KG,348.0,914.0,8.0,348.0,5045.0,82.0,16101388.0,31.0,0.0
3,211,CHL,BOG,4,850,198,5,11,U,39.0,5.0,46.0,5.0,46.0,661.0,8.0,2080182.0,99.0
35,211,CHL,BUN,1,741,198,76,11,U,4840.0,1367.0,68.0,1242.0,25.0,6546.0,8.0,20691292.0,33.0
48,249,USA,CTG,1,741,198,5,11,U,114.0,799.0,1.0,799.0,1.0,9632.0,38.0,30347583.0,75.0
3,169,COL,BOG,3,169,199,11,11,U,13.0,6.0,85.0,6.0,85.0,265.0,13.0,833361.0,91.0
35,149,CAN,BUN,1,23,199,76,33,KG,59850.0,60257.0,59850.0,52308.0,9.0,167836244.0,2.0,52256.0,11.0
3,628,GBR,BOG,4,850,198,11,11,U,20.0,13.0,2.0,12.0,2162.0,4.0,6843455.0,4.0,0.0
3,351,HKG,BOG,4,573,198,11,33,KG,17.0,56.0,21.0,85.0,17.0,56.0,100.0,68.0,314177.0
48,249,USA,CTG,1,628,198,25,11,U,1768.0,33997.0,75.0,29372.0,23.0,39229.0,77.0,124063788.0,7.0
35,589,PER,BUN,1,218,199,76,33,KG,12312.0,36.0,13826.0,23.0,12312.0,36.0,16725.0,22.0,52478053.0
87,647,DOM,BAQ,1,434,199,8,11,U,8410.0,25002.0,9.0,24655.0,4576.0,14831731.0,2.0,0.0,0.0
3,249,USA,BOG,4,249,198,5,11,U,84000.0,317.0,65.0,234.0,36.0,3538.0,8.0,11352141.0,96.0
3,406,KAZ,BOG,4,249,198,25,11,U,1400.0,48.0,40.0,234.0,734804.0,46.0,231.0,97.0,0.0
35,493,MEX,BUN,1,607,198,11,33,KG,62014.0,34.0,65939.0,87.0,62014.0,34.0,366392.0,36.0,1149262225.0
48,317,GTM,CTG,1,434,198,5,33,KG,2702.0,36.0,2839.0,14.0,2702.0,36.0,31720.0,99526575.0,2.0
3,242,SLV,BOG,4,169,198,11,33,KG,254.0,47.0,280.0,66.0,254.0,47.0,37789.0,7.0,119712479.0
35,249,USA,CTG,1,467,198,19,33,KG,208666.0,208746.0,208666.0,608580.0,1952665445.0,0.0,0.0,0.0,0.0
41,198,HRV,TRB,1,434,198,5,33,KG,162000.0,177920.0,162000.0,60696.0,194169322.0,8.0,60696.0,0.0,0.0
3,647,DOM,BOG,4,169,199,11,33,KG,1218.0,1363.0,55.0,1218.0,40227.0,129070743.0,1.0,0.0,0.0
90,245,ESP,BOG,4,23,198,5,11,U,220.0,31.0,9.0,27.0,220.0,27.0,715822.0,43.0,0.0
48,850,VEN,CTG,1,434,199,13,33,KG,24750.0,25641.0,24750.0,36204.0,8.0,117665962.0,10006.0,63.0,920.0
90,249,USA,MDE,4,169,198,5,11,U,7055.0,919.0,34.0,816.0,3087.0,24.0,9917572.0,23.0,0.0
90,589,PER,MDE,4,169,198,5,11,U,3167.0,624.0,67.0,588.0,73.0,18940.0,5.0,59722557.0,17.0
90,196,CRI,MDE,4,580,199,5,11,U,30.0,23.0,66.0,21.0,69.0,114.0,38.0,371736.0,14.0
3,211,CHL,BOG,4,211,198,25,11,U,8800.0,597.0,46.0,579.0,24.0,2572.0,8067052.0,28.0,2537.0
4,249,USA,BOG,4,249,198,68,11,U,327.0,1.0,3.0,1.0,4439.0,43.0,13967068.0,3.0,3706.0
3,149,CAN,BOG,4,249,198,11,11,U,107320.0,5060.0,3637.0,5.0,23076.0,5.0,72228211.0,41.0,22599.0
3,211,CHL,BOG,4,211,198,25,33,KG,349.0,54.0,401.0,63.0,349.0,54.0,16236.0,27.0,50937047.0
48,87,BEL,CTG,1,23,198,11,11,U,35.0,19.0,18.0,5.0,296.0,51.0,925277.0,24.0,0.0
3,589,PER,BOG,4,249,198,11,11,U,34.0,3.0,3.0,442.0,5.0,1436551.0,98.0,0.0,0.0
3,27,ABW,BOG,4,211,198,25,11,U,5550.0,267.0,1.0,258.0,81.0,1831.0,5.0,5788492.0,38.0
37,239,ECU,IPI,3,169,107,25,33,KG,,2.0,,2.0,,2.0,,64.0,2022.0
35,249,USA,BUN,1,434,198,76,33,KG,880.0,1000.0,6.0,880.0,1689.0,6.0,5324757.0,5.0,0.0
3,815,TTO,BOG,4,580,198,25,11,U,250.0,5.0,79.0,5.0,63.0,37.0,5.0,118519.0,5.0
87,249,USA,BAQ,1,434,199,11,33,KG,953.0,1063.0,76.0,953.0,2112.0,6864021.0,12.0,0.0,121.0
88,69,AUS,CLO,4,169,198,76,11,U,16.0,4.0,73.0,4.0,64.0,132.0,415876.0,56.0,0.0
19,249,USA,SMR,1,434,198,47,11,U,21050.0,516.0,483.0,75.0,3121.0,5.0,9837376.0,3.0,0.0
48,199,CUB,CTG,1,741,198,11,33,KG,25.0,12.0,27.0,29.0,25.0,12.0,46.0,29.0,146496.0
19,573,NLD,SMR,1,467,198,47,33,KG,570.0,599.0,41.0,570.0,695.0,4.0,2185795.0,18.0,0.0
88,391,JAM,BUN,1,23,198,76,11,U,3828.0,57962.0,56292.0,8.0,130053.0,7.0,417285099.0,7.0,0.0
48,249,USA,CTG,1,434,198,5,11,U,576.0,227.0,72.0,196.0,65.0,583.0,44.0,1820659.0,52.0
3,815,TTO,BOG,4,850,104,11,11,U,4.0,,31.0,,2.0,107.0,64.0,335897.0,7.0
35,211,CHL,BUN,1,232,199,76,33,KG,24538.0,25359.0,24538.0,22780.0,59.0,74037145.0,3.0,0.0,1000.0
37,239,ECU,IPI,3,169,198,76,33,KG,111841.0,93.0,134670.0,83.0,111841.0,93.0,249780.0,95.0,784337355.0
48,493,MEX,CTG,1,434,198,5,33,KG,17000.0,17459.0,17000.0,25500.0,79574280.0,0.0,434.0,15.0,47.0
48,196,CRI,CTG,1,434,198,11,11,U,400.0,85.0,29.0,83.0,64.0,490.0,34.0,1545301.0,59.0
3,317,GTM,BOG,4,580,198,11,11,U,125.0,35.0,66.0,29.0,24.0,1415.0,14.0,4438572.0,45.0
3,351,HKG,BOG,4,850,198,5,33,KG,1.0,1.0,5.0,1.0,46000.0,147593760.0,0.0,0.0,0.0
48,317,GTM,CTG,1,434,198,5,61,L,30763.0,2.0,40545.0,39757.0,30414.0,36.0,95674997.0,5.0,0.0
3,215,CHN,BOG,4,249,198,11,11,U,3100.0,229.0,99.0,201.0,932.0,2908361.0,92.0,0.0,0.0
88,493,MEX,CLO,4,169,198,76,33,KG,200.0,225.0,200.0,1460.0,4556017.0,6.0,0.0,450.0,0.0
88,493,MEX,BOG,4,105,198,76,33,KG,87.0,12.0,99.0,25.0,87.0,12.0,257.0,62.0,815302.0
3,676,RUS,BOG,4,827,198,25,11,U,79680.0,2616.0,36.0,871.0,5.0,11934.0,2.0,37753364.0,33.0
87,249,USA,BAQ,1,741,198,25,82,M2,837.0,32.0,21300.0,20925.0,6805.0,58.0,21370814.0,26.0,0.0
3,365,IDN,BOG,4,850,104,25,11,U,2.0,10.0,35.0,9.0,35.0,248.0,94.0,783200.0,9.0
35,589,PER,BUN,1,741,198,11,11,U,106.0,67.0,96.0,60.0,5.0,421.0,63.0,1370192.0,9.0
3,239,ECU,BOG,4,239,198,11,33,KG,45.0,121.0,45.0,11196.0,35467360.0,56.0,0.0,242.0,1.0
3,580,PAN,BOG,4,580,198,11,33,KG,144.0,166.0,144.0,9000.0,28124640.0,8478.0,86.0,0.0,0.0
35,589,PER,BUN,1,232,198,11,33,KG,4613.0,53.0,4926.0,73.0,4613.0,53.0,19204.0,79.0,60523703.0
48,249,USA,CTG,1,628,198,5,33,KG,13708.0,8.0,14327.0,4.0,13708.0,8.0,40557.0,12.0,128059917.0
35,23,DEU,BUN,1,741,199,76,33,KG,18000.0,18049.0,18000.0,19710.0,64052572.0,5.0,19694.0,12.0,0.0
48,647,DOM,CTG,1,434,198,5,11,U,26.0,42.0,95.0,35.0,9.0,768.0,23.0,2414715.0,9.0
3,493,MEX,BOG,4,249,198,11,11,U,121.0,3866.0,2804.0,97877.0,6.0,306189999.0,1.0,73706.0,23.0
3,211,CHL,BOG,4,211,198,11,11,U,500.0,75.0,71.0,2600.0,8155134.0,0.0,232.0,5.0,35.0
48,199,CUB,CTG,1,741,198,13,11,U,3947.0,21361.0,4.0,21355.0,6.0,58635.0,5.0,183915522.0,9.0
48,586,PRY,CTG,1,467,198,13,11,U,77740.0,2709.0,46.0,2256.0,87.0,6903.0,95.0,21544190.0,21.0
3,580,PAN,BOG,4,580,198,11,33,KG,13.0,62.0,16.0,29.0,13.0,62.0,82.0,15.0,260239.0
19,628,GBR,SMR,1,467,198,5,33,KG,78000.0,82180.0,78000.0,43740.0,138369740.0,4.0,0.0,0.0,0.0
37,239,ECU,IPI,3,169,198,25,33,KG,598.0,5.0,649.0,88.0,598.0,5.0,3172.0,5.0,9979713.0
3,573,NLD,BOG,4,249,198,5,11,U,17517.0,2843.0,2341.0,10783.0,1.0,33649310.0,53.0,0.0,0.0
90,589,PER,MDE,4,589,199,5,33,KG,19.0,19.0,88.0,19.0,2915.0,75.0,9145512.0,29.0,0.0
37,239,ECU,IPI,3,169,198,17,11,U,432.0,114.0,8.0,102.0,1831.0,11.0,5769058.0,54.0,0.0
3,97,BOL,BOG,4,249,198,11,11,U,1.0,788.0,67.0,641.0,9.0,1640.0,5143843.0,6.0,0.0
90,196,CRI,MDE,4,580,198,5,11,U,56.0,12.0,26.0,10.0,97.0,558.0,4.0,1758149.0,66.0
48,63,ARG,CTG,1,741,198,5,33,KG,5084.0,79.0,5914.0,88.0,5084.0,79.0,21838.0,29.0,68495578.0
48,431,LBN,CTG,1,434,198,8,67,M3,23.0,27000.0,26920.0,13500.0,42667020.0,0.0,3800.0,0.0,0.0
35,239,ECU,BUN,1,434,198,11,33,KG,30000.0,32100.0,30000.0,41820.0,133782598.0,8.0,0.0,1960.0,7.0
3,215,CHN,BOG,4,249,198,11,11,U,125.0,31.0,37.0,28.0,240.0,750736.0,8.0,0.0,0.0
37,239,ECU,IPI,3,169,198,5,33,KG,173.0,176.0,92.0,173.0,2078.0,94.0,6534565.0,78.0,0.0
35,580,PAN,BUN,1,607,198,76,11,U,1.0,1880.0,1820.0,57540.0,180473634.0,6.0,0.0,915.0,215.0
90,249,USA,MDE,4,249,198,5,11,U,14756.0,2493.0,2250.0,6304.0,8.0,19798269.0,9.0,0.0,0.0
3,249,USA,BOG,4,249,199,11,11,U,36989.0,2964.0,2787.0,6.0,12180.0,38541925.0,2.0,0.0,0.0
3,767,CHE,BOG,4,249,104,11,11,U,1.0,45.0,40.0,40.0,124822.0,4.0,0.0,0.0,0.0
48,934,XCF,CTG,3,169,201,13,33,KG,7.0,19.0,72.0,7.0,8.0,16.0,26448.0,19.0,0.0
3,406,KAZ,BOG,4,249,198,11,11,U,19625.0,1281.0,1224.0,5885.0,75.0,18499967.0,88.0,0.0,0.0
37,239,ECU,IPI,3,169,199,17,33,KG,8224.0,99.0,10011.0,51.0,8224.0,99.0,23650.0,58.0,74182172.0
3,628,GBR,BOG,4,169,198,25,11,U,71760.0,2138.0,1610.0,11051.0,4.0,34959522.0,99.0,9199.0,69.0
48,249,USA,CTG,1,43,199,25,11,U,63228.0,190194.0,64.0,187262.0,48.0,50930.0,95.0,161183724.0,0.0
37,239,ECU,IPI,3,169,198,5,33,KG,302.0,79.0,312.0,88.0,302.0,79.0,7004.0,5.0,22157032.0
41,249,USA,TRB,1,434,199,5,33,KG,2229.0,3085.0,98.0,2229.0,9513.0,25.0,30915684.0,18.0,9054.0
90,249,USA,MDE,4,169,198,5,11,U,4060.0,224.0,212.0,8.0,3071.0,9705956.0,92.0,0.0,0.0
48,249,USA,CTG,1,232,198,13,33,KG,3171.0,2.0,4105.0,5.0,3171.0,2.0,19234.0,6.0,60331054.0
3,249,USA,BOG,4,249,198,11,11,U,100.0,100.0,66.0,82.0,3811.0,2.0,11893078.0,27.0,0.0
19,249,USA,SMR,1,580,198,20,33,KG,208224030.0,208224030.0,208224030.0,12319033.0,71.0,39286082770.0,12319033.0,71.0,0.0
35,628,GBR,BUN,1,741,198,63,33,KG,14700.0,15066.0,14700.0,79275.0,88.0,247385140.0,1.0,0.0,0.0
88,580,PAN,BUN,1,434,198,76,33,KG,350.0,26.0,415.0,39.0,350.0,26.0,5260.0,84.0,16879720.0
35,97,BOL,BUN,1,434,198,76,33,KG,124.0,8.0,139.0,15.0,124.0,8.0,7584.0,23723282.0,88.0
3,249,USA,BOG,4,249,198,11,11,U,8325.0,328.0,9.0,240.0,3070.0,73.0,9695891.0,38.0,0.0
35,23,DEU,BUN,1,23,198,17,33,KG,28800.0,29140.0,28800.0,288000.0,907367040.0,0.0,0.0,0.0,0.0
90,211,CHL,MDE,4,580,198,5,33,KG,100.0,110.0,100.0,800.0,2496448.0,0.0,0.0,0.0,0.0
37,239,ECU,IPI,3,169,198,5,11,U,188.0,23.0,23.0,20.0,91.0,784.0,22.0,2484299.0,16.0
3,676,RUS,BOG,4,827,198,5,11,U,945.0,176.0,144.0,631.0,5.0,1984943.0,43.0,0.0,0.0
87,573,NLD,BAQ,1,741,199,8,33,KG,7191288.0,7191288.0,7191288.0,3415861.0,8.0,11071491266.0,0.0,0.0,0.0
35,589,PER,BUN,1,741,199,11,11,U,20.0,1019.0,834.0,5.0,30132.0,38.0,94029899.0,73.0,0.0
37,239,ECU,IPI,3,239,198,11,11,U,576.0,63.0,16.0,60.0,57.0,1225.0,23.0,3843044.0,16.0
48,199,CUB,CTG,1,741,198,25,33,KG,18062.0,9.0,18065.0,9.0,18062.0,9.0,33832.0,98.0,106615967.0
3,249,USA,BOG,4,249,198,11,11,U,4080.0,174.0,95.0,142.0,612.0,1917276.0,12.0,0.0,0.0
3,493,MEX,BOG,4,105,4,11,11,U,11.0,170.0,170.0,800.0,2509272.0,0.0,0.0,0.0,0.0
37,239,ECU,IPI,3,169,199,11,33,KG,240000.0,240000.0,240000.0,6480.0,20290888.0,8.0,0.0,0.0,0.0
48,573,NLD,CTG,1,741,198,5,11,U,80.0,11.0,2.0,10.0,1.0,568.0,1795175.0,36.0,484.0
48,83,BRB,CTG,1,434,198,5,33,KG,536.0,18.0,1757.0,536.0,18.0,11258.0,76.0,36491892.0,9.0
3,493,MEX,CTG,1,434,198,25,33,KG,822.0,9.0,933.0,76.0,822.0,9.0,2955.0,23.0,9230785.0
3,249,USA,BOG,4,253,198,5,11,U,85.0,32.0,48.0,29.0,195.0,2.0,609992.0,19.0,0.0
3,249,USA,BOG,4,249,198,68,11,U,12.0,1.0,21.0,,97.0,349.0,92.0,1102769.0,38.0
3,242,SLV,BOG,4,249,198,63,33,KG,3.0,9.0,3.0,207.0,646866.0,72.0,0.0,0.0,0.0
3,239,ECU,BOG,4,249,198,11,33,KG,6.0,52.0,6.0,95.0,6.0,52.0,9.0,24.0,28981.0
48,317,GTM,CTG,1,351,198,13,33,KG,1387.0,21.0,1520.0,27.0,1387.0,21.0,8360.0,19.0,26824171.0
3,249,USA,BOG,4,249,198,5,11,U,24.0,51.0,45.0,45.0,138.0,64.0,435005.0,18.0,0.0
3,580,PAN,BOG,4,169,198,11,11,U,16.0,13.0,68.0,12.0,83.0,197.0,32.0,641291.0,97.0
35,580,PAN,BUN,1,434,2,17,11,U,50.0,4.0,6.0,4.0,50.0,162487.0,5.0,0.0,0.0
35,493,MEX,BUN,1,580,198,11,11,U,252.0,332.0,27.0,279.0,3.0,1236.0,56.0,4007938.0,27.0
3,169,COL,BOG,3,169,199,11,11,U,21.0,24.0,97.0,24.0,97.0,810.0,88.0,2548774.0,23.0
35,97,BOL,BUN,1,607,199,76,33,KG,24310.0,24310.0,24310.0,29585.0,28.0,93237714.0,6.0,0.0,753.0
3,386,ITA,BOG,4,169,198,11,11,U,680.0,56.0,51.0,179.0,2.0,564747.0,0.0,0.0,0.0
35,249,USA,BUN,1,580,198,41,33,KG,269289.0,271991.0,269289.0,895577.0,65.0,2812580860.0,0.0,0.0,0.0
90,196,CRI,MDE,4,580,198,5,11,U,5.0,7.0,55.0,6.0,82.0,21.0,25.0,66311.0,9.0
48,215,CHN,CTG,1,434,199,5,82,M2,9975.0,70204.0,69304.0,61650.0,199819980.0,43270.0,5.0,3600.0,0.0
90,249,USA,MDE,4,105,198,5,11,U,6070.0,1034.0,930.0,2760.0,4.0,8921540.0,58.0,0.0,0.0
16,589,PER,PEI,4,169,198,66,11,U,4.0,20.0,18.0,49.0,42.0,68.0,136941.0,34.0,0.0
3,215,CHN,BOG,4,23,198,5,11,U,4320.0,759.0,730.0,1737.0,5489823.0,24.0,0.0,0.0,0.0
3,169,COL,BOG,3,169,199,11,11,U,10.0,17.0,9.0,17.0,9.0,581.0,44.0,1827593.0,83.0
3,249,USA,BOG,4,249,198,68,11,U,5.0,,71.0,,7.0,61.0,8.0,195320.0,13.0
48,249,USA,CTG,1,628,198,5,33,KG,1166.0,4.0,1219.0,3.0,1166.0,4.0,3369.0,6.0,10639579.0
90,249,USA,MDE,4,169,198,5,11,U,86066.0,11223.0,9.0,10101.0,25352.0,74.0,79913030.0,23.0,25312.0
90,77,BHS,MDE,4,249,198,5,11,U,3.0,,76.0,,63.0,128.0,44.0,403715.0,17.0
90,249,USA,MDE,4,169,198,5,11,U,76240.0,8424.0,5.0,7581.0,36231.0,9.0,113087105.0,34932.0,3.0
48,493,MEX,CTG,1,741,198,5,33,KG,6408.0,7476.0,6408.0,23239.0,68.0,73547777.0,28.0,0.0,0.0
90,249,USA,MDE,4,169,198,5,11,U,14900.0,750.0,99.0,675.0,2831.0,8959407.0,25.0,0.0,0.0
90,249,USA,MDE,4,211,198,5,11,U,24955.0,3018.0,2716.0,8472.0,25.0,26692501.0,4.0,0.0,0.0
48,63,ARG,CTG,1,23,198,5,33,KG,10775.0,65.0,12383.0,39.0,10775.0,65.0,41851.0,24.0,131938809.0
3,676,RUS,BOG,4,827,198,25,11,U,1900.0,46.0,5.0,30.0,347.0,1123645.0,97.0,339.0,93.0
90,249,USA,MDE,4,249,199,5,11,U,4351.0,809.0,695.0,65.0,30522.0,93.0,95248634.0,44.0,20410.0
3,249,USA,BOG,4,573,104,11,11,U,7.0,5.0,38.0,4.0,86.0,1173.0,3.0,3689008.0,69.0
48,87,BEL,CTG,1,23,198,11,11,U,9.0,25.0,58.0,24.0,31.0,399.0,22.0,1245789.0,96.0
3,211,CHL,BUN,1,434,198,25,33,KG,75.0,68.0,82.0,35.0,75.0,68.0,1785.0,58.0,5641231.0
35,589,PER,BUN,1,23,198,76,33,KG,8614.0,4.0,9253.0,13.0,8614.0,4.0,67797.0,7.0,214736541.0
3,580,PAN,BOG,4,169,198,11,11,U,22.0,9.0,6.0,6.0,254.0,792622.0,24.0,217.0,88.0
3,580,PAN,BOG,4,580,198,11,11,U,2.0,,19.0,,8.0,79.0,92.0,259720.0,2.0
37,239,ECU,IPI,3,239,198,11,11,U,1190.0,107.0,8.0,98.0,955.0,6.0,3105461.0,1.0,0.0
3,628,GBR,BOG,4,249,198,25,11,U,19850.0,1379.0,1282.0,6252.0,6.0,19618532.0,91.0,0.0,0.0
37,239,ECU,IPI,3,239,199,25,33,KG,37.0,36.0,40.0,15.0,37.0,36.0,311.0,48.0,971992.0
3,493,MEX,BOG,4,580,198,25,33,KG,1541.0,29.0,1626.0,92.0,1541.0,29.0,9651.0,21.0,30214830.0
37,239,ECU,IPI,3,239,199,5,11,U,212.0,935.0,26.0,383.0,43.0,18131.0,68.0,57358844.0,41.0
90,249,USA,MDE,4,249,198,5,11,U,5840.0,455.0,52.0,412.0,1214.0,4.0,3821801.0,95.0,0.0
48,345,HND,CTG,1,467,198,13,33,KG,4709.0,5053.0,9.0,4709.0,39743.0,4.0,128816308.0,1.0,0.0
3,573,NLD,BOG,4,573,198,25,11,U,400.0,26.0,10.0,120.0,388944.0,118.0,51.0,0.0,0.0
35,589,PER,BUN,1,232,104,11,11,U,2.0,65.0,7.0,62.0,75.0,3651.0,62.0,11866852.0,9.0
35,239,ECU,BUN,1,434,199,76,11,U,3820.0,5616.0,78.0,5216.0,11.0,5544.0,64.0,17428023.0,34.0
48,63,ARG,CTG,1,472,198,11,33,KG,1570.0,8.0,1806.0,8.0,1570.0,8.0,18537.0,48.0,60242175.0
87,249,USA,CTG,1,741,199,8,33,KG,20334.0,20344.0,20334.0,79709.0,28.0,251130463.0,4.0,0.0,0.0
48,855,VNM,CTG,1,434,198,23,33,KG,54028.0,58.0,57064.0,63.0,54028.0,58.0,193803.0,22.0,607881241.0
3,580,PAN,BOG,4,580,198,11,11,U,64.0,10.0,71.0,8.0,15.0,381.0,42.0,1239618.0,81.0
3,249,USA,BOG,4,249,198,11,11,U,21943.0,1443.0,1399.0,71.0,14343.0,74.0,44990431.0,44.0,0.0
3,676,RUS,BOG,4,445,198,25,11,U,11500.0,269.0,5.0,245.0,4825.0,15133564.0,25.0,0.0,0.0
3,919,XCF,BOG,3,169,198,8,33,KG,1729.0,8.0,3524.0,76.0,1729.0,8.0,396077.0,2.0,1247872905.0
37,239,ECU,IPI,3,239,199,11,11,U,1.0,1000.0,800.0,11917.0,37240148.0,32.0,0.0,807.0,0.0
37,239,ECU,IPI,3,239,198,8,11,U,56.0,31.0,5.0,30.0,76.0,638.0,9.0,2049948.0,98.0
3,169,COL,BOG,3,169,199,11,11,U,35.0,39.0,74.0,39.0,74.0,1233.0,89.0,3884156.0,3.0
48,149,CAN,CTG,1,607,198,17,33,KG,38431.0,38817.0,38431.0,123016.0,43.0,387401432.0,3.0,0.0,0.0
3,647,DOM,CTG,1,351,198,25,33,KG,3462.0,47.0,3764.0,34.0,3462.0,47.0,14190.0,2.0,44387375.0
37,239,ECU,IPI,3,169,198,5,33,KG,14560.0,35.0,15409.0,4.0,14560.0,35.0,43468.0,6.0,141260328.0
3,211,CHL,BOG,4,211,198,25,33,KG,30.0,94.0,34.0,73.0,30.0,94.0,1015.0,32.0,3191374.0
3,249,USA,BOG,4,493,198,5,11,U,200.0,15.0,35.0,15.0,38.0,119722.0,4.0,0.0,0.0
48,573,NLD,CTG,1,472,198,25,11,U,40.0,11.0,69.0,11.0,37.0,44.0,8.0,143248.0,98.0
35,589,PER,BUN,1,232,198,11,33,KG,816.0,1116.0,816.0,5314.0,68.0,17052469.0,66.0,0.0,0.0
3,196,CRI,BOG,4,249,198,11,33,KG,13.0,14.0,38.0,13.0,1080.0,3374956.0,8.0,0.0,0.0
48,239,ECU,CTG,1,434,199,13,33,KG,350675.0,356736.0,33.0,350675.0,509661.0,8.0,1606218918.0,131056.0,99.0
48,611,PRI,CTG,1,434,2,5,11,U,1.0,1.0,11.0,1.0,2.0,6482.0,4.0,0.0,0.0
48,27,ABW,CTG,1,628,198,11,11,U,4.0,2062.0,2052.0,16498.0,52212045.0,5.0,0.0,0.0,0.0
3,756,ZAF,BOG,4,249,198,5,11,U,19945.0,3362.0,3027.0,14409.0,16.0,45646201.0,59.0,0.0,0.0
3,169,COL,BOG,3,169,198,11,33,KG,225.0,43.0,298.0,62.0,225.0,43.0,5419.0,23.0,17055952.0
3,245,ESP,BOG,4,249,198,11,33,KG,601.0,610.0,82.0,601.0,13.0,4.0,42955.0,54.0,0.0
48,249,USA,CTG,1,472,198,11,33,KG,240.0,320.0,240.0,1662.0,5214790.0,92.0,0.0,0.0,0.0
3,493,MEX,BOG,4,249,198,11,33,KG,5.0,63.0,6.0,11.0,5.0,63.0,58.0,65.0,184396.0
48,431,LBN,CTG,1,434,198,5,33,KG,3763.0,2.0,4074.0,3.0,3763.0,2.0,23561.0,92.0,73526385.0
90,239,ECU,BOG,4,239,401,5,11,U,1.0,4.0,4.0,1079.0,95.0,3402468.0,87.0,0.0,0.0
48,200,CUW,CTG,1,580,198,25,11,U,91.0,47.0,59.0,42.0,95.0,1446.0,96.0,4515325.0,49.0
48,317,GTM,CTG,1,467,198,25,33,KG,94.0,69.0,99.0,42.0,94.0,69.0,3849.0,96.0,12511407.0
3,149,CAN,BOG,4,249,198,11,11,U,10900.0,499.0,27.0,408.0,23.0,2375.0,5.0,7452099.0,37.0
87,190,KOR,BAQ,1,741,198,8,11,U,2856800.0,6854.0,27.0,5988.0,63.0,95330.0,5.0,309800292.0,4.0
37,239,ECU,IPI,3,169,198,11,11,U,2500.0,233.0,2.0,225.0,7750.0,24866340.0,2470.0,9.0,0.0
90,249,USA,MDE,4,169,198,5,11,U,30.0,2574.0,2371.0,3.0,31319.0,4.0,101110597.0,7.0,0.0
48,573,NLD,CTG,1,23,198,11,33,KG,7712.0,9111.0,44.0,7712.0,33231.0,14.0,107885361.0,6.0,0.0
37,239,ECU,IPI,3,169,199,17,11,U,600.0,7122.0,39.0,5990.0,4.0,28590.0,12.0,89672625.0,47.0
3,196,CRI,BOG,4,580,198,11,33,KG,182.0,35.0,212.0,27.0,182.0,35.0,5220.0,16432543.0,2.0
3,196,CRI,CTG,1,221,198,25,33,KG,5.0,97.0,6.0,59.0,5.0,97.0,528.0,14.0,1650416.0
87,589,PER,CTG,1,741,198,8,11,U,4996.0,78921.0,2.0,77721.0,1.0,180260.0,62.0,566052596.0,3.0
90,239,ECU,BOG,4,239,199,5,11,U,420.0,48.0,57.0,42.0,76.0,8094.0,24.0,25258561.0,57.0
48,249,USA,CTG,1,434,104,5,61,L,8316.0,12396.0,36.0,11952.0,84.0,30824.0,64.0,99070392.0,92.0
3,399,JPN,BOG,4,249,198,11,11,U,28800.0,1043.0,921.0,7176.0,22507452.0,24.0,0.0,0.0,0.0
19,815,TTO,SMR,1,580,198,11,33,KG,17000.0,17662.0,91.0,17000.0,67830.0,217816613.0,7.0,0.0,849.0
35,345,HND,CTG,1,741,198,76,33,KG,3939.0,78.0,4632.0,25.0,3939.0,78.0,22374.0,61.0,70715402.0
3,211,CHL,BOG,4,211,198,11,33,KG,465.0,1.0,500.0,465.0,1.0,1573.0,97.0,4958918.0,4.0
3,149,CAN,BOG,4,249,198,11,11,U,330970.0,19474.0,17875.0,100231.0,4.0,314744509.0,5.0,98659.0,72.0
48,249,USA,CTG,1,434,198,11,33,KG,90.0,88.0,98.0,78.0,90.0,88.0,582.0,24.0,1830108.0
37,239,ECU,IPI,3,169,198,76,33,KG,3829.0,4144.0,22.0,3829.0,13094.0,63.0,41788424.0,45.0,0.0
37,239,ECU,IPI,3,239,199,5,11,U,114.0,74.0,24.0,61.0,56.0,427.0,5.0,1340849.0,47.0
48,196,CRI,CTG,1,628,198,5,33,KG,4388.0,65.0,4501.0,5.0,4388.0,65.0,13102.0,1.0,41278930.0
3,493,MEX,BOG,4,493,198,25,33,KG,14.0,29.0,17.0,33.0,14.0,29.0,304.0,46.0,954966.0
3,196,CRI,BOG,4,589,198,11,11,U,1.0,,46.0,,45.0,6.0,55.0,20681.0,75.0
90,249,USA,MDE,4,169,198,5,11,U,598.0,381.0,332.0,3288.0,5.0,10527150.0,12.0,0.0,0.0
41,386,ITA,TRB,1,741,198,5,33,KG,352652.0,385739.0,38.0,352652.0,123060.0,6.0,387712265.0,1.0,92362.0
48,647,DOM,CTG,1,741,198,76,33,KG,947.0,18.0,1053.0,63.0,947.0,18.0,2411.0,99.0,7599167.0
3,830,UKR,BOG,4,253,198,25,11,U,14200.0,275.0,250.0,6176.0,25.0,19371746.0,36.0,0.0,0.0
35,190,KOR,BUN,1,580,198,5,33,KG,4500.0,4807.0,8.0,4500.0,86238.0,269110853.0,3.0,0.0,0.0
3,245,ESP,BOG,4,245,198,5,11,U,496.0,88.0,73.0,351.0,35.0,1127327.0,55.0,0.0,0.0
48,337,GUY,CTG,1,580,198,11,11,U,1240000.0,12960.0,51.0,11867.0,5.0,49552.0,56.0,155426064.0,2.0
19,249,USA,SMR,1,580,198,47,33,KG,53251.0,2.0,59919.0,68.0,53251.0,2.0,91539.0,93.0,295260934.0
3,580,PAN,BOG,4,169,198,11,33,KG,68.0,72.0,38.0,68.0,38689.0,15.0,122161764.0,9.0,36864.0
37,239,ECU,IPI,3,239,198,11,11,U,12009.0,8408.0,8390.0,30707.0,31.0,98526246.0,57.0,0.0,0.0
37,239,ECU,IPI,3,169,199,25,11,U,47019.0,203.0,62.0,193.0,22.0,521.0,79.0,1636589.0,11.0
3,149,CAN,BOG,4,149,198,11,19,2U,235.0,925.0,832.0,5.0,14311.0,5.0,44984193.0,3.0,0.0
90,249,USA,MDE,4,249,198,5,33,KG,100.0,118.0,92.0,100.0,680.0,2149153.0,6.0,0.0,0.0
37,239,ECU,IPI,3,169,198,76,33,KG,840.0,913.0,54.0,840.0,7212.0,26.0,22815696.0,1.0,0.0
88,911,XCF,CLO,3,169,199,76,33,KG,1000.0,1010.0,1000.0,679.0,24.0,2207360.0,19.0,0.0,71.0
90,249,USA,MDE,4,169,198,5,11,U,68693.0,9219.0,8297.0,31991.0,5.0,100582801.0,9.0,0.0,0.0
19,573,NLD,SMR,1,434,198,25,33,KG,20.0,23.0,6.0,20.0,14.0,9.0,46496.0,34.0,0.0
90,249,USA,MDE,4,580,198,5,11,U,1.0,30.0,27.0,30.0,94384.0,2.0,0.0,0.0,0.0
3,69,AUS,BOG,4,169,198,25,11,U,7160.0,431.0,320.0,2199.0,6.0,6899023.0,4.0,2171.0,53.0
90,249,USA,MDE,4,169,104,5,11,U,40.0,20.0,18.0,384.0,4.0,1249203.0,9.0,0.0,0.0
48,580,PAN,CTG,1,580,198,25,33,KG,3451.0,3.0,3632.0,22.0,3451.0,3.0,24241.0,93.0,76268505.0
90,149,CAN,MDE,4,211,198,5,11,U,40800.0,1835.0,1743.0,25.0,4488.0,14546505.0,6.0,3852.0,37.0
3,628,GBR,BOG,4,249,198,25,11,U,30000.0,1232.0,71.0,700.0,4800.0,15184608.0,4604.0,41.0,0.0
48,249,USA,CTG,1,580,199,25,11,U,290520.0,225153.0,225153.0,175368.0,9.0,557552713.0,3.0,167496.0,88.0
35,211,CHL,BUN,1,23,198,5,33,KG,25572.0,25738.0,22.0,25572.0,16598.0,8.0,52531052.0,3.0,0.0
48,23,DEU,CTG,1,23,199,11,33,KG,8012.0,88.0,8540.0,8012.0,88.0,51857.0,3.0,162649056.0,21196.0
37,239,ECU,IPI,3,239,199,5,33,KG,13450.0,1.0,16691.0,35.0,13450.0,1.0,72836.0,33.0,228499048.0
35,589,PER,BUN,1,351,198,5,33,KG,568.0,11.0,585.0,54.0,568.0,11.0,13890.0,97.0,43620285.0
87,249,USA,BAQ,1,43,198,25,11,U,48976.0,149103.0,86.0,146725.0,96.0,44018.0,9.0,139308813.0,8.0
90,190,KOR,MDE,4,169,198,5,11,U,14360.0,3690.0,2642.0,11312.0,36335234.0,56.0,0.0,0.0,0.0
3,249,USA,BOG,4,249,198,76,11,U,953456.0,425.0,3.0,402.0,32.0,12049.0,31.0,38862602.0,15.0
37,239,ECU,IPI,3,169,198,76,33,KG,10000.0,10553.0,10000.0,7900.0,24711753.0,5066.0,74.0,497.0,75.0
37,239,ECU,IPI,3,169,198,5,11,U,1747.0,778.0,84.0,700.0,97.0,14077.0,43.0,44365597.0,13.0
3,239,ECU,BOG,4,169,198,25,33,KG,104.0,96.0,111.0,23.0,104.0,96.0,532.0,25.0,1676896.0
48,190,KOR,CTG,1,351,198,73,33,KG,6840.0,7373.0,6840.0,117029.0,66.0,375496685.0,9.0,0.0,0.0
3,850,VEN,BOG,4,850,104,11,11,U,300.0,78.0,88.0,78.0,1467.0,7.0,4611323.0,76.0,0.0
88,589,PER,BOG,4,589,198,76,11,U,14.0,6.0,49.0,5.0,98.0,350.0,1103021.0,5.0,282.0
48,245,ESP,CTG,1,741,198,13,11,U,126710.0,3162.0,45.0,2751.0,5.0,9366.0,5.0,29509907.0,57.0
90,589,PER,MDE,4,589,198,5,11,U,26000.0,56.0,55.0,89.0,691.0,6.0,2170005.0,65.0,0.0
35,341,HTI,BUN,1,434,199,76,33,KG,1725000.0,1731900.0,1725000.0,563625.0,1812278335.0,0.0,0.0,0.0,0.0
3,69,AUS,BOG,4,211,198,25,11,U,208.0,113.0,102.0,353.0,6.0,1116499.0,7.0,299.0,54.0
3,239,ECU,BOG,4,169,198,11,11,U,1075.0,246.0,56.0,218.0,26.0,4838.0,65.0,15292650.0,9.0
90,249,USA,BOG,4,211,198,5,11,U,11850.0,2214.0,6.0,1818.0,85.0,98985.0,1.0,312099059.0,9.0
3,196,CRI,BOG,4,249,199,11,11,U,3.0,1.0,34.0,1.0,34.0,5.0,49.0,17391.0,55.0
3,249,USA,BOG,4,249,198,11,33,KG,691.0,84.0,834.0,27.0,691.0,84.0,612.0,9.0,1912591.0
35,589,PER,BUN,1,741,198,76,33,KG,7773.0,89.0,8015.0,9.0,7773.0,89.0,23136.0,6.0,75194181.0
35,589,PER,BUN,1,467,198,11,33,KG,3000.0,3156.0,26.0,3000.0,6600.0,20595696.0,0.0,275.0,7.0
48,196,CRI,CTG,1,434,198,11,11,U,3232.0,854.0,17.0,837.0,5.0,1553.0,83.0,4896879.0,68.0
90,249,USA,MDE,4,249,198,5,11,U,6.0,4.0,3.0,3.0,9.0,172.0,47.0,540967.0,67.0
87,200,CUW,BAQ,1,628,199,11,33,KG,60.0,69.0,18.0,60.0,163.0,55.0,510367.0,58.0,0.0
90,149,CAN,MDE,4,105,198,5,11,U,278216.0,10721.0,10184.0,95.0,67389.0,75.0,210293758.0,3.0,65907.0
3,169,COL,BOG,3,169,199,11,11,U,129.0,14.0,68.0,14.0,68.0,516.0,9.0,1632160.0,7.0
3,245,ESP,BOG,4,249,198,25,33,KG,360.0,463.0,97.0,360.0,1500.0,4740780.0,0.0,0.0,0.0
90,245,ESP,BOG,4,249,199,5,11,U,21.0,2.0,25.0,1.0,77.0,278.0,4.0,873940.0,88.0
90,611,PRI,MDE,4,580,198,5,11,U,101.0,388.0,355.0,4463.0,13960576.0,41.0,0.0,0.0,0.0
3,399,JPN,BOG,4,580,198,11,11,U,58140.0,2880.0,48.0,2850.0,11436.0,8.0,35689220.0,6.0,11436.0
3,317,GTM,BOG,4,169,199,11,11,U,3.0,1.0,89.0,1.0,7.0,9.0,6.0,30145.0,82.0
3,580,PAN,BOG,4,580,198,11,33,KG,24.0,56.0,26.0,77.0,24.0,56.0,908.0,11.0,2848368.0
90,149,CAN,MDE,4,169,198,5,11,U,2420.0,448.0,3.0,403.0,1071.0,2.0,3442634.0,4.0,0.0
3,249,USA,BOG,4,249,198,11,11,U,90.0,30.0,22.0,27.0,9.0,783.0,2443398.0,48.0,0.0
48,196,CRI,CTG,1,741,198,5,33,KG,6612.0,48.0,6851.0,56.0,6612.0,48.0,10402.0,56.0,32921501.0
3,249,USA,BOG,4,249,198,11,11,U,271538.0,8547.0,32.0,8325.0,75.0,58276.0,83.0,181856344.0,6.0
3,105,BRA,BOG,4,105,198,11,33,KG,1739.0,2.0,2201.0,87.0,1739.0,2.0,6267.0,62.0,19746638.0
35,245,ESP,CTG,1,23,198,11,33,KG,3016.0,3071.0,17.0,3016.0,3696.0,26.0,11550664.0,64.0,0.0
37,239,ECU,IPI,3,169,198,11,11,U,1405.0,103.0,97.0,99.0,9.0,1794.0,45.0,5757600.0,49.0
37,239,ECU,IPI,3,239,198,8,11,U,30.0,6.0,8.0,5.0,94.0,112.0,2.0,360000.0,43.0
48,403,JOR,CTG,1,607,199,23,33,KG,3381.0,61.0,3623.0,6.0,3381.0,61.0,15666.0,53.0,49006002.0
35,211,CHL,BUN,1,434,198,5,33,KG,4000.0,4498.0,1.0,4000.0,9343.0,28.0,29306038.0,61.0,9064.0
3,589,PER,BOG,4,211,199,11,11,U,1.0,101.0,100.0,2144.0,6690480.0,64.0,0.0,0.0,0.0
3,628,GBR,BOG,4,573,198,25,11,U,7000.0,605.0,54.0,545.0,1560.0,4892924.0,4.0,1478.0,24.0
48,317,GTM,CTG,1,741,198,11,11,U,133.0,42.0,16.0,37.0,95.0,907.0,6.0,2910356.0,43.0
90,249,USA,MDE,4,169,198,5,33,KG,5094.0,5532.0,59.0,5094.0,16300.0,8.0,51146368.0,12.0,0.0
3,240,EGY,BOG,4,245,199,11,33,KG,4.0,4.0,4.0,93.0,56.0,294768.0,26.0,0.0,0.0
48,87,BEL,CTG,1,607,198,68,33,KG,20960.0,20968.0,20960.0,55681.0,74.0,175019958.0,8.0,0.0,0.0
35,97,BOL,BUN,1,607,198,5,33,KG,200.0,225.0,55.0,200.0,440.0,1374982.0,4.0,0.0,6.0
35,239,ECU,BUN,1,741,198,76,11,U,2764.0,5032.0,1.0,4635.0,91.0,14105.0,92.0,45844381.0,5.0
35,383,ISR,BUN,1,580,199,76,33,KG,20000.0,20715.0,20000.0,23200.0,73093456.0,22778.0,92.0,0.0,0.0
3,239,ECU,BOG,4,169,198,11,11,U,10.0,3.0,36.0,3.0,2.0,105.0,6.0,343173.0,6.0
89,850,VEN,CUC,3,850,198,68,33,KG,37000.0,38850.0,37000.0,20900.0,65941516.0,0.0,0.0,0.0,0.0
3,196,CRI,BOG,4,580,198,5,11,U,1449.0,148.0,7.0,124.0,4.0,27830.0,89294224.0,8.0,16896.0
48,337,GUY,CTG,1,607,198,13,33,KG,40000.0,43200.0,40000.0,84000.0,273000840.0,0.0,0.0,0.0,0.0
3,493,MEX,BOG,4,493,198,11,82,M2,13.0,5.0,,79.0,,75.0,29.0,61.0,93070.0
3,647,DOM,BOG,4,580,198,11,33,KG,1537.0,5.0,1794.0,34.0,1537.0,5.0,16159.0,56.0,51024133.0
48,345,HND,CTG,1,434,198,11,11,U,1210.0,234.0,31.0,223.0,69.0,2377.0,7724655.0,75.0,0.0
87,200,CUW,BAQ,1,607,199,8,33,KG,3332.0,3332.0,3332.0,5444.0,6.0,17153647.0,86.0,0.0,0.0
35,580,PAN,BUN,1,351,198,66,33,KG,13317.0,14796.0,65.0,13317.0,39308.0,2.0,123863343.0,9.0,0.0
3,149,CAN,BOG,4,253,198,11,11,U,750.0,52.0,34.0,240.0,757834.0,56.0,0.0,0.0,0.0
3,493,MEX,BOG,4,493,198,11,33,KG,761.0,49.0,812.0,23.0,761.0,49.0,9436.0,62.0,30246034.0
3,413,KWT,BOG,4,445,198,25,11,U,28250.0,330.0,300.0,7195.0,22452429.0,2.0,0.0,0.0,0.0
48,249,USA,CTG,1,434,198,11,33,KG,19041.0,13.0,20156.0,19041.0,13.0,72622.0,87.0,228870248.0,6.0
90,917,XCF,MDE,3,169,104,5,11,U,43.0,35.0,32.0,33.0,48.0,2000.0,8.0,6292952.0,8.0
3,149,CAN,BOG,4,249,198,25,11,U,13970.0,1064.0,957.0,6761.0,7.0,21309429.0,92.0,6761.0,7.0
3,676,RUS,BOG,4,244,198,25,11,U,1800.0,133.0,127.0,540.0,1750248.0,0.0,0.0,0.0,0.0
90,249,USA,MDE,4,105,198,5,11,U,18180.0,1454.0,21.0,1307.0,7869.0,9.0,24741626.0,84.0,7869.0
3,239,ECU,BOG,4,249,198,68,11,U,130.0,11.0,49.0,11.0,7.0,650.0,2047877.0,0.0,0.0
35,249,USA,BUN,1,628,198,76,33,KG,74404.0,44.0,80932.0,17.0,74404.0,44.0,133280.0,23.0,419910027.0
48,200,CUW,CTG,1,628,198,13,11,U,28000.0,74.0,73.0,63.0,34.0,321.0,27.0,1030814.0,7.0
48,211,CHL,CTG,1,434,198,13,33,KG,4698.0,5103.0,37.0,4698.0,17670.0,56695255.0,2.0,0.0,216.0
4,249,USA,BOG,4,249,199,68,11,U,466.0,1.0,5.0,1.0,2491.0,79.0,8097694.0,55.0,0.0
48,249,USA,CTG,1,23,198,5,11,U,20610.0,18690.0,17683.0,157957.0,86.0,497802616.0,2.0,0.0,0.0
35,589,PER,BUN,1,741,198,17,33,KG,3000.0,3210.0,3000.0,36900.0,115148664.0,36900.0,600.0,120.0,0.0
3,196,CRI,CTG,1,221,198,25,33,KG,8.0,38.0,9.0,23.0,8.0,38.0,1439.0,4.0,4496942.0
90,493,MEX,MDE,4,249,199,5,11,U,7.0,2.0,89.0,2.0,5.0,234.0,65.0,739283.0,59.0
48,493,MEX,CTG,1,434,198,73,33,KG,4320.0,4656.0,4320.0,43848.0,137023246.0,1.0,0.0,0.0,0.0
3,573,NLD,BOG,4,573,198,25,11,U,79425.0,2693.0,96.0,2425.0,11949.0,25.0,37288351.0,58.0,11588.0
3,548,NZL,BOG,4,211,198,11,11,U,175.0,24.0,19.0,420.0,1313789.0,4.0,0.0,0.0,0.0
35,493,MEX,BUN,1,434,198,76,33,KG,11043.0,54.0,12291.0,7.0,11043.0,54.0,22525.0,39.0,70291831.0
3,239,ECU,BOG,4,580,198,11,11,U,4200.0,12.0,54.0,10.0,95.0,738.0,3.0,2303909.0,44.0
90,589,PER,MDE,4,169,198,5,11,U,115.0,20.0,13.0,18.0,23.0,690.0,13.0,2172683.0,92.0
35,589,PER,BUN,1,628,198,68,11,U,590200.0,2315.0,1965.0,13850.0,65.0,43650184.0,96.0,0.0,180.0
87,218,TWN,CTG,1,741,198,8,82,M2,13288.0,9.0,89860.0,87370.0,63084.0,198808595.0,2.0,50871.0,5.0
35,888,COD,BUN,1,434,198,76,33,KG,91848.0,96.0,103037.0,37.0,91848.0,96.0,132258.0,429805435.0,5.0
3,399,JPN,BOG,4,249,198,11,11,U,52530.0,2202.0,1864.0,6380.0,7.0,20091661.0,74.0,0.0,0.0
3,196,CRI,BOG,4,169,198,25,82,M2,58.0,68.0,14.0,34.0,13.0,53.0,168.0,33.0,547030.0
48,317,GTM,CTG,1,90,198,5,33,KG,2718.0,5.0,2766.0,16.0,2718.0,5.0,135.0,427661.0,1.0
90,77,BHS,MDE,4,211,198,5,11,U,111.0,18.0,16.0,52.0,17.0,165267.0,25.0,0.0,0.0
37,239,ECU,IPI,3,169,198,5,11,U,272.0,83.0,27.0,74.0,95.0,1784.0,22.0,5609791.0,23.0
3,239,ECU,BOG,4,239,198,25,11,U,5.0,2.0,29.0,2.0,7.0,18.0,85.0,59304.0,73.0
48,345,HND,CTG,1,741,198,17,11,U,1.0,9.0,21.0,7.0,53.0,2.0,167610.0,85.0,0.0
35,239,ECU,BUN,1,580,198,11,11,U,20160.0,3696.0,3360.0,26812.0,8.0,84661952.0,25.0,0.0,1250.0
88,493,MEX,BOG,4,249,198,76,11,U,1032.0,467.0,53.0,364.0,25.0,9804.0,31803897.0,84.0,0.0
3,399,JPN,BOG,4,149,198,11,11,U,43640.0,1279.0,72.0,1225.0,8242.0,4.0,25738570.0,74.0,8242.0
41,386,ITA,TRB,1,434,198,5,33,KG,3479208.0,3818585.0,5.0,3479208.0,1497265.0,81.0,4714272492.0,1497265.0,81.0
48,245,ESP,CTG,1,741,198,5,11,U,14672.0,8524.0,48.0,8089.0,39.0,20409.0,58.0,64016484.0,51.0
3,676,RUS,BOG,4,827,198,25,11,U,1300.0,59.0,5.0,23.0,5.0,507.0,5.0,1628999.0,92.0
35,589,PER,BUN,1,23,198,11,33,KG,179.0,7.0,247.0,18.0,179.0,7.0,5019.0,9.0,15902340.0
35,239,ECU,BUN,1,741,198,76,33,KG,61601.0,43.0,71544.0,66.0,61601.0,43.0,139791.0,24.0,444391429.0
90,196,CRI,MDE,4,580,198,5,11,U,150.0,28.0,93.0,27.0,1432.0,23.0,4492175.0,7.0,1417.0
35,580,PAN,BUN,1,607,198,76,11,U,270.0,4536.0,38.0,4355.0,1.0,7919.0,1.0,24771499.0,13.0
3,580,PAN,BOG,4,169,198,11,33,KG,106.0,126.0,95.0,106.0,21058.0,4.0,65872149.0,27.0,20724.0
37,239,ECU,IPI,3,239,199,25,33,KG,1669.0,1797.0,36.0,1669.0,4194.0,5.0,13218924.0,8.0,0.0
37,239,ECU,IPI,3,169,199,5,33,KG,2800.0,2945.0,69.0,2800.0,6646.0,20849131.0,49.0,0.0,90.0
48,438,LBY,CTG,1,741,2,11,11,U,300.0,10.0,96.0,10.0,5.0,5.0,15602.0,8.0,0.0
3,644,CZE,BOG,4,445,198,11,11,U,7560.0,257.0,250.0,982.0,8.0,3066886.0,36.0,982.0,8.0
41,573,NLD,TRB,1,467,198,5,33,KG,1753695.0,1959587.0,99.0,1753695.0,981041.0,6.0,3073830081.0,981041.0,6.0
48,493,MEX,CTG,1,607,2,13,67,M3,75.0,106.0,2.0,102.0,22.0,5.0,71276.0,85.0,0.0
90,249,USA,MDE,4,169,198,5,33,KG,1095.0,1181.0,45.0,1095.0,5694.0,17865836.0,4.0,0.0,0.0
90,586,PRY,MDE,4,169,198,5,11,U,180.0,17.0,15.0,8.0,143.0,94.0,451480.0,76.0,0.0
48,647,DOM,CTG,1,628,198,25,33,KG,291.0,68.0,406.0,6.0,291.0,68.0,6312.0,9.0,19823705.0
87,249,USA,BAQ,4,580,198,47,33,KG,1221.0,4.0,1539.0,1221.0,4.0,26425.0,83082898.0,25.0,0.0
87,455,MYS,CTG,1,467,198,8,33,KG,25392.0,25400.0,25392.0,28406.0,72.0,89523494.0,1.0,0.0,1048.0
35,239,ECU,BUN,1,741,198,25,33,KG,7770.0,8716.0,7770.0,25245.0,74.0,82048907.0,45.0,20955.0,3.0
3,97,BOL,BOG,4,589,198,11,11,U,288.0,79.0,74.0,25.0,2505.0,6.0,8143225.0,5.0,0.0
48,97,BOL,CTG,1,741,198,11,33,KG,72.0,81.0,24.0,72.0,8691.0,95.0,27262214.0,25.0,8489.0
90,77,BHS,BOG,4,249,198,5,11,U,506.0,166.0,68.0,150.0,29.0,32369.0,73.0,105201946.0,2.0
3,249,USA,BOG,4,211,198,25,11,U,32150.0,318.0,6.0,285.0,863.0,2702838.0,65.0,0.0,0.0
3,23,DEU,BOG,4,249,198,5,11,U,2275.0,399.0,390.0,880.0,25.0,2782047.0,73.0,0.0,0.0
3,589,PER,BOG,4,169,198,25,11,U,842.0,291.0,36.0,261.0,58.0,5384.0,27.0,16801937.0,59.0
3,580,PAN,BOG,4,169,198,11,11,U,25.0,12.0,44.0,10.0,65.0,305.0,56.0,962251.0,59.0
3,611,PRI,BOG,4,249,198,11,11,U,5670.0,135.0,77.0,92.0,801.0,5.0,2525919.0,23.0,801.0
35,317,GTM,BUN,1,607,198,76,33,KG,4424.0,4877.0,45.0,4424.0,21520.0,8.0,69050777.0,97.0,17897.0
48,249,USA,CTG,1,43,198,13,33,KG,21384.0,23760.0,21384.0,14500.0,45696605.0,0.0,0.0,0.0,0.0
35,242,SLV,BUN,1,434,198,11,82,M2,355.0,5.0,40.0,57.0,38.0,78.0,335.0,18.0,1045949.0
37,239,ECU,IPI,3,239,198,66,33,KG,,29.0,,35.0,,29.0,62.0,16.0,196457.0
3,169,COL,BOG,3,169,198,11,11,U,17.0,9.0,14.0,9.0,14.0,206.0,18.0,646922.0,73.0
37,239,ECU,IPI,3,239,198,76,33,KG,1300.0,1371.0,1300.0,7933.0,53.0,24757056.0,37.0,0.0,985.0
37,239,ECU,IPI,3,239,199,25,11,U,1.0,2320.0,2320.0,22722.0,71813335.0,44.0,0.0,0.0,0.0
3,399,JPN,BOG,4,827,198,25,11,U,22800.0,622.0,16.0,560.0,3785.0,51.0,11991965.0,7.0,3673.0
37,97,BOL,BUN,1,589,198,25,11,U,1315.0,279.0,46.0,251.0,52.0,6632.0,16.0,20846337.0,95.0
87,911,XCF,BAQ,3,169,201,8,33,KG,8.0,1.0,8.0,9.0,8.0,1.0,105.0,332625.0,3.0
35,190,KOR,BUN,1,434,198,17,33,KG,19250.0,19415.0,19250.0,64102.0,5.0,200035697.0,4.0,0.0,1347.0
48,23,DEU,CTG,1,580,198,63,33,KG,15518.0,15801.0,15518.0,72627.0,55.0,229322941.0,7.0,0.0,3427.0
37,239,ECU,IPI,3,169,198,11,33,KG,2880.0,3059.0,2880.0,6448.0,17.0,20379570.0,24.0,0.0,1468.0
90,249,USA,MDE,4,249,198,5,33,KG,30.0,72.0,30.0,174.0,1.0,549724.0,23.0,0.0,0.0
87,493,MEX,CTG,1,580,198,8,33,KG,6315.0,25.0,8610.0,35.0,6315.0,25.0,157765.0,5.0,495585753.0
88,493,MEX,BUN,1,221,198,76,11,U,1245880.0,19947.0,6.0,17864.0,7.0,102225.0,63.0,322070025.0,4.0
90,589,PER,MDE,4,589,198,5,11,U,40.0,2.0,35.0,1.0,33.0,161.0,2.0,506198.0,62.0
3,190,KOR,BOG,4,827,198,11,11,U,35100.0,1172.0,91.0,721.0,5.0,6318.0,19839720.0,42.0,6318.0
35,538,NOR,BUN,1,741,198,63,33,KG,41925.0,41941.0,41925.0,109987.0,24.0,343221781.0,7.0,0.0,0.0
3,586,PRY,BOG,4,249,104,11,11,U,35.0,4.0,27.0,3.0,15.0,35.0,112299.0,6.0,0.0
3,249,USA,BOG,4,249,198,11,11,U,452900.0,22687.0,19986.0,116259.0,9.0,366207945.0,6.0,0.0,0.0
3,249,USA,BOG,4,211,198,5,11,U,3748.0,3188.0,99.0,2198.0,4.0,16528.0,6.0,52360290.0,79.0
37,239,ECU,IPI,3,239,198,5,11,U,4004.0,5076.0,5.0,4004.0,7.0,26840.0,84747836.0,8.0,0.0
3,249,USA,BOG,4,249,198,5,11,U,19.0,1.0,87.0,1.0,76.0,564.0,22.0,1769523.0,42.0
35,345,HND,BUN,1,467,199,17,11,U,87.0,3937.0,65.0,3828.0,17463.0,56.0,56756744.0,63.0,12789.0
37,239,ECU,IPI,3,169,198,76,33,KG,198929.0,207333.0,66.0,198929.0,195767.0,6.0,628040720.0,0.0,4790.0
3,670,ROU,BOG,4,850,104,11,11,U,1.0,1.0,75.0,1.0,5.0,1196.0,33.0,3733219.0,54.0
37,239,ECU,IPI,3,169,198,5,11,U,522.0,112.0,6.0,101.0,35.0,1976.0,76.0,6214728.0,3.0
88,580,PAN,BOG,4,580,198,76,11,U,744.0,255.0,86.0,222.0,77.0,7797.0,24570665.0,19.0,0.0
35,580,PAN,BUN,1,741,199,5,33,KG,346.0,380.0,65.0,346.0,2200.0,67.0,7151627.0,33.0,0.0
37,239,ECU,IPI,3,239,198,25,11,U,2.0,9.0,91.0,8.0,93.0,404.0,1.0,1261018.0,29.0
35,580,PAN,BUN,1,434,198,76,33,KG,24963.0,25159.0,24963.0,23097.0,46.0,75066975.0,97.0,0.0,670.0
3,27,ABW,BOG,4,580,198,11,33,KG,360.0,464.0,62.0,360.0,1656.0,5207137.0,44.0,0.0,0.0
35,249,USA,BUN,1,232,198,63,33,KG,19257.0,19422.0,19257.0,54171.0,28.0,171368677.0,4.0,0.0,0.0
3,676,RUS,BOG,4,573,198,11,11,U,800.0,26.0,10.0,,8.0,2521.0,45.0,0.0,0.0
48,493,MEX,CTG,1,434,198,5,11,U,164358.0,97878.0,8.0,93686.0,54.0,157736.0,16.0,495741872.0,7.0
90,249,USA,MDE,4,169,198,5,33,KG,661.0,2.0,774.0,6.0,661.0,2.0,4009.0,6.0,12841245.0
35,105,BRA,CTG,1,741,198,76,33,KG,13640.0,13864.0,83.0,13640.0,11349.0,45.0,35501874.0,6.0,0.0
48,249,USA,CTG,1,43,104,11,33,KG,9.0,11.0,9.0,11.0,9.0,11.0,,85.0,2652.0
48,647,DOM,CTG,1,741,198,11,33,KG,266.0,41.0,282.0,34.0,266.0,41.0,3841.0,93.0,12142496.0
3,589,PER,BOG,4,589,198,66,33,KG,115.0,5.0,146.0,115.0,5.0,2620.0,8175867.0,2.0,2080.0
37,239,ECU,IPI,3,169,198,11,82,M2,26.0,94.0,5.0,71.0,5.0,33.0,74.0,16.0,234047.0
48,391,JAM,CTG,1,580,198,11,11,U,10000.0,18.0,18.0,183.0,5.0,575760.0,61.0,0.0,0.0
35,97,BOL,BUN,1,607,198,76,11,U,600.0,2781.0,83.0,2670.0,3.0,8230.0,65.0,26747554.0,83.0
90,249,USA,MDE,4,211,198,5,11,U,720.0,117.0,105.0,429.0,2.0,1342567.0,64.0,0.0,0.0
3,27,ABW,BOG,4,211,198,25,33,KG,160.0,8.0,175.0,67.0,160.0,8.0,291.0,56.0,917288.0
3,169,COL,BOG,3,169,199,11,33,KG,23.0,51.0,23.0,51.0,23.0,51.0,763.0,65.0,2400319.0
35,580,PAN,BUN,1,467,198,5,33,KG,272.0,297.0,61.0,272.0,555.0,94.0,1783766.0,84.0,0.0
87,361,IND,CTG,1,467,199,25,33,KG,20460.0,20460.0,20460.0,22294.0,8.0,70463161.0,29.0,0.0,825.0
48,196,CRI,CTG,1,467,198,76,11,U,14.0,5310.0,5158.0,16504.0,53492764.0,8.0,0.0,1308.0,42.0
35,211,CHL,BUN,1,580,198,76,33,KG,139720.0,140032.0,139720.0,17834.0,89.0,57806445.0,46.0,0.0,0.0
90,589,PER,MDE,4,169,198,25,11,U,14.0,7.0,43.0,6.0,7.0,177.0,66.0,559893.0,71.0
90,589,PER,MDE,4,169,198,5,11,U,1.0,32.0,35.0,22.0,5.0,1000.0,3120560.0,0.0,0.0
90,242,SLV,BOG,4,249,198,5,33,KG,492.0,492.0,492.0,19094.0,4.0,61265528.0,6.0,11227.0,7.0
37,239,ECU,IPI,3,169,199,76,33,KG,18650.0,19220.0,18.0,18650.0,6490.0,2.0,20453800.0,39.0,189.0
48,647,DOM,CTG,1,741,198,5,11,U,200.0,168.0,42.0,168.0,42.0,730.0,2299923.0,4.0,0.0
35,589,PER,BUN,1,23,199,76,33,KG,424000.0,425104.0,424000.0,147895.0,44.0,468052093.0,7.0,0.0,0.0
3,573,NLD,BOG,4,149,198,5,11,U,2000.0,360.0,330.0,3000.0,9490380.0,0.0,0.0,0.0,0.0
35,580,PAN,BUN,1,221,199,76,33,KG,1394.0,4.0,1547.0,3.0,1394.0,4.0,3824.0,8.0,11935517.0
48,589,PER,CTG,1,434,198,13,33,KG,16200.0,17280.0,16200.0,30923.0,96992772.0,57.0,22935.0,9.0,505.0
90,611,PRI,MDE,4,580,198,5,11,U,75.0,11.0,66.0,11.0,8.0,443.0,22.0,1402108.0,74.0
3,589,PER,BOG,4,169,198,5,11,U,16.0,6.0,2.0,5.0,62.0,127.0,28.0,401005.0,82.0
3,589,PER,BUN,1,607,198,25,11,U,6212.0,381.0,41.0,348.0,44.0,2475.0,85.0,7943913.0,26.0
48,249,USA,CTG,1,467,198,25,11,U,170.0,1900.0,1710.0,22717.0,1.0,71278535.0,98.0,0.0,2335.0
48,647,DOM,CTG,1,434,198,13,33,KG,48206.0,5.0,48212.0,5.0,48206.0,5.0,41909.0,8.0,131872750.0
87,580,PAN,BAQ,1,580,199,8,33,KG,11771.0,19.0,12152.0,5.0,11771.0,19.0,38172.0,87.0,120646119.0
35,249,USA,BUN,1,472,198,76,33,KG,2099.0,2126.0,2099.0,23909.0,99.0,77707706.0,59.0,0.0,0.0
90,249,USA,MDE,4,169,198,5,33,KG,122.0,58.0,142.0,3.0,122.0,58.0,810.0,17.0,2528184.0
35,249,USA,BUN,1,434,198,76,33,KG,19269.0,19490.0,19269.0,57725.0,181867230.0,5.0,0.0,0.0,0.0
90,628,GBR,MDE,4,249,198,5,11,U,360.0,48.0,43.0,219.0,691496.0,88.0,0.0,0.0,0.0
3,249,USA,BOG,4,253,198,11,19,2U,419.0,325.0,71.0,240.0,28.0,6695.0,21159681.0,4.0,0.0
35,199,CUB,CTG,1,741,198,76,33,KG,1030.0,4.0,1552.0,33.0,1030.0,4.0,8904.0,41.0,28180231.0
3,580,PAN,BOG,4,169,198,11,33,KG,284.0,340.0,4.0,284.0,952.0,3015802.0,72.0,0.0,0.0
48,647,DOM,CTG,1,434,198,25,11,U,9216.0,1933.0,99.0,1875.0,94.0,6154.0,8.0,19497544.0,72.0
3,249,USA,BOG,4,249,198,11,11,U,1330.0,811.0,1.0,698.0,3195.0,8.0,9972685.0,62.0,0.0
90,580,PAN,MDE,4,580,198,5,33,KG,652.0,3.0,679.0,26.0,652.0,3.0,1876.0,4.0,5892252.0
4,611,PRI,BGA,4,169,198,68,11,U,4.0,,55.0,,5.0,33.0,4.0,105229.0,37.0
48,249,USA,CTG,1,741,198,68,33,KG,153859.0,155403.0,153859.0,508727.0,8.0,1595664667.0,0.0,0.0,0.0
48,345,HND,CTG,1,741,198,25,11,U,640.0,487.0,2.0,339.0,2.0,4124.0,12950143.0,56.0,0.0
48,403,JOR,CTG,1,607,199,23,33,KG,45698.0,37.0,49034.0,71.0,45698.0,37.0,211717.0,36.0,671421554.0
88,589,PER,BOG,4,589,198,76,11,U,12.0,2.0,89.0,2.0,66.0,156.0,491632.0,44.0,124.0
48,317,GTM,CTG,1,434,198,13,33,KG,2441.0,22.0,2971.0,58.0,2441.0,22.0,104163.0,92.0,325049762.0
37,239,ECU,IPI,3,239,198,5,33,KG,24.0,9.0,25.0,94.0,24.0,9.0,157.0,12.0,493386.0
35,589,PER,BUN,1,741,198,11,82,M2,5390.0,1015.0,74.0,1000.0,3255.0,56.0,10579756.0,11.0,2443.0
90,249,USA,MDE,4,169,198,5,11,U,463080.0,732.0,99.0,645.0,5.0,58511.0,4.0,184085056.0,56057.0
39,850,VEN,MAI,3,850,104,11,11,U,40.0,587.0,1.0,587.0,1.0,89558.0,27.0,281501345.0,4.0
87,249,USA,CTG,1,434,199,8,33,KG,19498.0,19530.0,19498.0,77992.0,245146014.0,2.0,0.0,0.0,0.0
3,249,USA,BOG,4,249,198,11,11,U,90.0,120.0,120.0,4340.0,13729416.0,4.0,0.0,0.0,0.0
3,580,PAN,BOG,4,249,104,11,11,U,1.0,29.0,18.0,300.0,948156.0,0.0,0.0,0.0,0.0
35,850,VEN,BUN,1,434,198,76,33,KG,691.0,2.0,801.0,96.0,691.0,2.0,3110.0,36.0,9755613.0
3,391,JAM,BOG,4,249,198,11,11,U,4900.0,121.0,23.0,80.0,736.0,5.0,2321072.0,38.0,736.0
37,239,ECU,IPI,3,169,198,11,82,M2,3835.0,44.0,812.0,38.0,794.0,48.0,8696.0,27259308.0,63.0
3,249,USA,BOG,4,573,107,11,33,KG,18.0,18.0,83.0,18.0,500.0,1580260.0,0.0,0.0,0.0
48,196,CRI,CTG,1,467,198,25,33,KG,435.0,3.0,439.0,65.0,435.0,3.0,5953.0,5.0,19348934.0
48,105,BRA,CTG,1,23,198,5,33,KG,72298.0,63.0,82604.0,28.0,72298.0,63.0,307559.0,72.0,977523156.0
35,239,ECU,BUN,1,434,198,11,33,KG,59.0,96.0,62.0,59.0,59.0,96.0,678.0,2142832.0,56.0
35,97,BOL,BUN,1,580,198,76,33,KG,306.0,327.0,85.0,306.0,667.0,8.0,2168016.0,67.0,0.0
3,218,TWN,BOG,4,249,198,5,11,U,87.0,18.0,15.0,4.0,35.0,13643.0,73.0,0.0,0.0
3,249,USA,BOG,4,249,198,11,11,U,1.0,11.0,42.0,10.0,12872.0,63.0,40738655.0,79.0,0.0
35,211,CHL,BUN,1,607,198,76,11,U,89.0,31.0,37.0,27.0,66.0,913.0,5.0,2968646.0,62.0
37,239,ECU,IPI,3,169,198,5,33,KG,8231.0,52.0,8506.0,11.0,8231.0,52.0,38409.0,9.0,120742298.0
3,647,DOM,BOG,4,169,198,25,33,KG,62.0,58.0,66.0,72.0,62.0,58.0,502.0,74.0,1587411.0
90,249,USA,MDE,4,211,198,5,33,KG,264.0,293.0,21.0,264.0,738.0,31.0,2326104.0,71.0,0.0
3,647,DOM,CTG,1,741,198,25,33,KG,59.0,89.0,66.0,7.0,59.0,89.0,2422.0,67.0,7650674.0
48,934,XCF,CTG,3,169,201,13,33,KG,195.0,84.0,215.0,84.0,195.0,84.0,473.0,66.0,1535226.0
3,580,PAN,BOG,4,169,198,11,11,U,9650.0,581.0,541.0,1981.0,5.0,6183389.0,64.0,1940.0,48.0
3,493,MEX,BOG,4,493,199,25,33,KG,155.0,7.0,164.0,9.0,155.0,7.0,2633.0,9.0,8258660.0
48,249,USA,CTG,1,434,198,13,33,KG,6537.0,65.0,7026.0,73.0,6537.0,65.0,27096.0,56.0,86940938.0
3,386,ITA,BOG,4,245,198,5,11,U,1500.0,8.0,39.0,8.0,25.0,180.0,568893.0,6.0,0.0
3,242,SLV,BOG,4,249,198,25,33,KG,233.0,74.0,250.0,37.0,233.0,74.0,9909.0,4.0,31149057.0
35,589,PER,BUN,1,23,198,11,82,M2,8943.0,39.0,2300.0,17.0,2279.0,5.0,14907.0,54.0,47178637.0
87,580,PAN,BAQ,1,580,198,76,33,KG,6445.0,6.0,6736.0,9.0,6445.0,6.0,3838.0,9.0,12116608.0
3,647,DOM,BOG,4,580,198,11,11,U,156.0,40.0,4.0,38.0,85.0,1262.0,4.0,4008466.0,84.0
3,317,GTM,BOG,4,589,198,11,11,U,2.0,,82.0,,82.0,33.0,104198.0,16.0,0.0
37,239,ECU,IPI,3,169,199,5,33,KG,600.0,628.0,32.0,600.0,1021.0,36.0,3224964.0,62.0,0.0
3,43,ATG,BOG,4,249,198,11,11,U,80.0,34.0,75.0,32.0,6.0,1180.0,88.0,3837564.0,78.0
3,249,USA,BOG,4,249,199,11,33,KG,1101.0,1340.0,36.0,1101.0,7855.0,93.0,24805256.0,8.0,0.0
35,573,NLD,BUN,1,467,198,17,33,KG,7208.0,7381.0,7208.0,54255.0,13.0,170170672.0,7.0,0.0,0.0
35,149,CAN,BUN,1,607,199,76,33,KG,21500.0,21625.0,21500.0,11760.0,5.0,36965838.0,81.0,0.0,2418.0
48,611,PRI,CTG,1,434,198,11,11,U,53684.0,23108.0,28.0,21064.0,98.0,60381.0,4.0,195708193.0,7.0
87,249,USA,BAQ,1,43,199,8,33,KG,950.0,1138.0,59.0,950.0,17100.0,53749062.0,0.0,0.0,0.0
3,589,PER,BOG,4,169,198,11,11,U,240.0,48.0,74.0,43.0,32.0,2340.0,7339386.0,6.0,0.0
48,200,CUW,CTG,1,434,198,25,61,L,1296.0,1510.0,6.0,1296.0,2340.0,7374486.0,6.0,0.0,0.0
3,386,ITA,BOG,4,573,198,11,11,U,46930.0,1772.0,46.0,1763.0,7971.0,6.0,24875856.0,9.0,7971.0
3,589,PER,BOG,4,589,199,25,11,U,5000.0,5.0,32.0,5.0,74.0,31.0,235172.0,57.0,0.0
48,391,JAM,CTG,1,434,198,25,11,U,36.0,13.0,9.0,13.0,32.0,190.0,8.0,620052.0,3.0
3,249,USA,BOG,4,580,198,11,11,U,198.0,26.0,62.0,19.0,85.0,2122.0,2.0,6707255.0,54.0
88,345,HND,CLO,4,580,199,76,11,U,17.0,7.0,76.0,7.0,1.0,443.0,7.0,1402322.0,72.0
35,249,USA,CTG,1,434,198,41,33,KG,69855.0,70455.0,69855.0,197122.0,98.0,623844951.0,0.0,0.0,0.0
3,676,RUS,BOG,4,253,198,25,11,U,3800.0,99.0,90.0,1930.0,25.0,6067200.0,4.0,1912.0,21.0
35,855,VNM,BUN,1,221,198,76,33,KG,27000.0,28350.0,27000.0,27000.0,84373920.0,0.0,0.0,0.0,0.0
35,211,CHL,BUN,1,607,198,76,33,KG,70.0,75.0,72.0,19.0,70.0,75.0,840.0,2730008.0,4.0
90,249,USA,MDE,4,105,198,5,11,U,1133.0,505.0,59.0,466.0,4.0,2662.0,7.0,8314442.0,9.0
3,242,SLV,BOG,4,249,199,11,11,U,18.0,7.0,65.0,6.0,74.0,101.0,84.0,328513.0,22.0
48,196,CRI,CTG,1,434,198,25,11,U,195.0,11.0,86.0,10.0,95.0,351.0,19.0,1136384.0,32.0
35,211,CHL,BUN,1,215,198,25,11,U,275.0,125.0,97.0,121.0,1526.0,25.0,4959930.0,93.0,0.0
35,245,ESP,BUN,1,434,199,76,33,KG,100000.0,100270.0,100000.0,100000.0,324120000.0,98150.0,0.0,0.0,0.0
90,245,ESP,MDE,4,580,198,5,11,U,80.0,39.0,82.0,36.0,1000.0,3164750.0,0.0,0.0,0.0
48,647,DOM,CTG,1,434,198,11,11,U,1008.0,410.0,23.0,338.0,36.0,1390.0,8.0,4517412.0,48.0
48,87,BEL,CTG,1,467,198,17,33,KG,19224.0,19389.0,19224.0,60181.0,35.0,195574342.0,2.0,0.0,0.0
90,589,PER,BOG,4,169,198,5,11,U,200.0,122.0,25.0,103.0,2.0,1903.0,5995553.0,74.0,0.0
3,242,SLV,BOG,4,249,198,11,19,2U,12.0,5.0,45.0,5.0,34.0,244.0,98.0,776062.0,34.0
35,589,PER,BUN,1,23,199,5,11,U,5894.0,481.0,1.0,462.0,2.0,3743.0,75.0,11710712.0,6.0
35,628,GBR,BUN,1,607,198,41,33,KG,39986.0,40106.0,39986.0,140030.0,97.0,443163012.0,3.0,0.0,0.0
3,341,HTI,BOG,4,249,198,5,11,U,4.0,1.0,1.0,,9.0,166.0,6.0,539983.0,92.0
3,249,USA,BOG,4,493,198,5,11,U,1710.0,53.0,54.0,49.0,188.0,1.0,595046.0,82.0,177.0
3,169,COL,BOG,3,169,198,11,33,KG,14.0,47.0,14.0,47.0,14.0,47.0,238.0,47.0,751213.0
48,87,BEL,CTG,1,23,198,11,11,U,16.0,19.0,6.0,18.0,11.0,297.0,37.0,927960.0,92.0
87,767,CHE,BAQ,4,169,2,8,33,KG,256.0,284.0,256.0,406.0,1319504.0,6.0,0.0,0.0,0.0
90,611,PRI,MDE,4,169,198,5,11,U,31.0,3.0,47.0,3.0,3.0,244.0,9.0,764225.0,14.0
90,611,PRI,MDE,4,249,198,5,11,U,972.0,168.0,94.0,151.0,1180.0,8.0,3732296.0,25.0,0.0
3,647,DOM,BOG,7,647,198,68,67,M3,2345.0,6.0,1737445.0,31.0,1737445.0,31.0,1227203.0,82.0,3863343921.0
90,196,CRI,MDE,4,580,198,5,11,U,39.0,7.0,55.0,6.0,82.0,333.0,84.0,1041767.0,75.0
3,573,NLD,BOG,4,573,198,11,11,U,130.0,12.0,8.0,1.0,3160.0,52.0,0.0,0.0,0.0
90,493,MEX,BOG,4,493,198,5,11,U,300.0,25.0,71.0,21.0,58.0,1800.0,5652342.0,0.0,0.0
35,249,USA,BUN,1,580,199,19,33,KG,19278.0,19324.0,19278.0,6423.0,43.0,20147023.0,96.0,0.0,0.0
3,249,USA,BOG,4,850,198,68,11,U,165.0,17.0,36.0,16.0,5.0,1593.0,37.0,5020039.0,65.0
87,105,BRA,BAQ,7,105,198,68,67,M3,20.0,57.0,14717.0,15.0,14717.0,15.0,10395.0,12.0,32516663.0
3,239,ECU,BOG,4,239,199,11,11,U,1023.0,144.0,27.0,128.0,13.0,2541.0,71.0,8001540.0,8.0
37,239,ECU,IPI,3,169,198,11,82,M2,6456.0,48.0,688.0,62.0,673.0,45.0,11918.0,34.0,37281401.0
88,249,USA,CLO,4,580,198,76,11,U,621.0,300.0,283.0,8418.0,5.0,27358020.0,37.0,0.0,0.0
87,249,USA,BAQ,1,434,199,8,11,U,1.0,492.0,36.0,430.0,5.0,3369.0,1.0,10570807.0,91.0
90,249,USA,MDE,4,249,198,5,11,U,9.0,3.0,33.0,3.0,22.0,142.0,17.0,445929.0,0.0
3,149,CAN,BOG,4,249,198,11,11,U,129050.0,3781.0,99.0,3241.0,17845.0,2.0,56091389.0,54.0,0.0
35,239,ECU,BUN,1,434,198,25,11,U,51030.0,43120.0,35.0,43120.0,35.0,45218.0,2.0,142777370.0,9.0
3,244,ARE,BOG,4,827,198,25,11,U,40.0,67.0,50.0,600.0,1872336.0,0.0,0.0,0.0,0.0
3,249,USA,BOG,4,249,198,5,33,KG,12.0,34.0,87.0,12.0,39.0,123037.0,2.0,0.0,15.0
35,149,CAN,BUN,1,580,198,66,33,KG,38387.0,38773.0,38387.0,113824.0,63.0,357142988.0,6.0,0.0,0.0
48,245,ESP,CTG,1,467,2,5,33,KG,25.0,25.0,3.0,25.0,97.0,59.0,317143.0,1.0,0.0
87,249,USA,BAQ,1,43,198,8,82,M2,9360.0,41.0,288158.0,71.0,269339.0,68.0,943311.0,73.0,2978801726.0
3,196,CRI,CTG,1,434,198,25,33,KG,54.0,42.0,59.0,43.0,54.0,42.0,1979.0,56.0,6236762.0
48,317,GTM,CTG,1,351,198,5,11,U,17.0,121.0,93.0,108.0,54.0,3928.0,7.0,12605469.0,67.0
3,149,CAN,BOG,4,249,198,25,11,U,1200.0,75.0,63.0,312.0,978949.0,92.0,0.0,0.0,0.0
41,196,CRI,TRB,1,607,199,5,11,U,749.0,60.0,46.0,48.0,79.0,1915.0,8.0,6068986.0,18.0
3,215,CHN,BOG,4,23,198,25,11,U,4200.0,60.0,5.0,55.0,848.0,2671691.0,84.0,832.0,38.0
90,249,USA,MDE,4,169,198,5,11,U,3960.0,203.0,18.0,182.0,613.0,8.0,1933826.0,0.0,0.0
35,239,ECU,BUN,1,467,198,17,11,U,90180.0,5969.0,62.0,5839.0,4.0,14287.0,5.0,44865464.0,62.0
35,211,CHL,BUN,1,741,198,76,33,KG,67.0,2.0,69.0,34.0,67.0,2.0,147.0,6.0,477946.0
3,341,HTI,BOG,4,249,198,5,11,U,3.0,1.0,,9.0,165.0,69.0,537034.0,42.0,0.0
87,190,KOR,CTG,1,467,199,8,33,KG,62790.0,62830.0,62790.0,342671.0,3.0,1073139150.0,0.0,1659.0,0.0
3,589,PER,BOG,4,249,104,11,11,U,1.0,52.0,33.0,300.0,948156.0,0.0,0.0,0.0,0.0
3,249,USA,BOG,4,249,198,5,11,U,32.0,2.0,88.0,2.0,63.0,464.0,96.0,1459484.0,7.0
3,149,CAN,BOG,4,169,198,25,33,KG,48.0,65.0,50.0,2.0,48.0,65.0,256.0,809093.0,12.0
48,249,USA,CTG,1,741,198,13,11,U,10904.0,1218.0,1015.0,7034.0,4.0,22064028.0,69.0,0.0,0.0
37,239,ECU,IPI,3,239,199,5,11,U,80.0,31.0,12.0,29.0,5.0,85.0,6.0,269331.0,93.0
48,63,ARG,CTG,1,580,198,76,33,KG,366.0,6.0,422.0,41.0,366.0,6.0,1668.0,21.0,5421699.0
3,23,DEU,BOG,4,445,198,25,11,U,13230.0,400.0,2.0,360.0,2116.0,8.0,6661928.0,1.0,2116.0
90,239,ECU,BOG,4,169,198,5,11,U,366.0,22.0,44.0,19.0,16.0,3777.0,9.0,11900913.0,12.0
48,493,MEX,CTG,1,434,198,11,11,U,4.0,5.0,65.0,2.0,6.0,412.0,69.0,1287823.0,9.0
35,211,CHL,BUN,1,580,198,76,33,KG,23032.0,93.0,25466.0,94.0,23032.0,93.0,38973.0,7.0,126654781.0
16,580,PAN,PEI,4,169,198,66,11,U,280.0,65.0,2.0,58.0,68.0,358.0,75.0,1165847.0,81.0
3,211,CHL,BOG,4,249,198,11,11,U,17420.0,237.0,200.0,1080.0,3370204.0,8.0,0.0,0.0,0.0
3,538,NOR,BOG,4,169,198,11,11,U,700.0,41.0,87.0,34.0,177.0,556349.0,94.0,0.0,91.0
3,628,GBR,BOG,4,850,198,11,11,U,102.0,31.0,93.0,29.0,35.0,3345.0,6.0,10573835.0,71.0
48,149,CAN,CTG,1,580,198,11,33,KG,1089.0,1169.0,86.0,1089.0,2268.0,13.0,7351462.0,95.0,0.0
48,69,AUS,CTG,1,741,198,5,11,U,554550.0,62152.0,8.0,55937.0,55.0,133092.0,5.0,417258250.0,8.0
35,676,RUS,BUN,1,23,199,66,33,KG,21900.0,22027.0,21900.0,11431.0,8.0,35869101.0,58.0,0.0,0.0
90,493,MEX,MDE,4,580,198,5,11,U,4008.0,278.0,99.0,260.0,76.0,31233.0,24.0,99911346.0,33.0
3,211,CHL,BOG,4,249,198,5,11,U,650.0,15.0,5.0,14.0,4.0,606.0,52.0,1906425.0,79.0
3,245,ESP,BOG,4,245,198,11,11,U,1600.0,125.0,5.0,117.0,416.0,1317829.0,76.0,396.0,42.0
90,249,USA,MDE,4,169,198,5,11,U,240.0,48.0,43.0,248.0,777874.0,32.0,0.0,0.0,0.0
48,63,ARG,CTG,1,472,198,11,33,KG,1570.0,8.0,1806.0,8.0,1570.0,8.0,11031.0,83.0,35850689.0
39,850,VEN,MAI,3,850,199,19,33,KG,59960.0,59960.0,59960.0,84903.0,36.0,272417524.0,8.0,59870.0,6.0
88,249,USA,CLO,4,580,199,76,11,U,88.0,99.0,90.0,70093.0,92.0,219855888.0,5.0,56468.0,35.0
48,249,USA,CTG,1,741,198,5,11,U,127.0,3308.0,59.0,3308.0,59.0,39885.0,78.0,125663340.0,7.0
90,249,USA,MDE,4,169,198,5,11,U,4268.0,154.0,53.0,137.0,672.0,5.0,2109232.0,56.0,0.0
3,249,USA,BOG,4,249,199,11,11,U,40.0,33.0,45.0,20.0,840.0,2657306.0,4.0,0.0,0.0
48,211,CHL,CTG,1,23,198,5,33,KG,17260.0,8.0,18143.0,43.0,17260.0,8.0,52827.0,63.0,171224914.0
48,69,AUS,CTG,1,232,198,25,33,KG,27.0,29.0,31.0,38.0,27.0,29.0,126.0,396045.0,72.0
87,215,CHN,BAQ,1,434,199,8,33,KG,38361.0,6.0,41558.0,4.0,38361.0,6.0,95608.0,298771175.0,7.0
3,573,NLD,BOG,4,249,198,5,11,U,57830.0,9837.0,8520.0,29530.0,4.0,93196812.0,84.0,0.0,0.0
3,245,ESP,BOG,4,245,198,11,11,U,43580.0,2856.0,2569.0,9415.0,8.0,29453281.0,49.0,0.0,0.0
3,245,ESP,BOG,4,245,104,11,11,U,1.0,1.0,86.0,1.0,64.0,54.0,209755.0,64.0,0.0
3,589,PER,BOG,4,169,198,25,33,KG,207.0,54.0,231.0,207.0,54.0,2454.0,64.0,7659851.0,39.0
48,611,PRI,CTG,1,434,198,76,33,KG,23680.0,25756.0,23680.0,19200.0,60763200.0,0.0,0.0,0.0,0.0
48,317,GTM,CTG,1,741,198,11,11,U,93.0,18.0,95.0,17.0,6.0,399.0,9.0,1283103.0,14.0
3,573,NLD,BOG,4,249,198,25,11,U,128340.0,5019.0,91.0,4859.0,20015.0,63803651.0,41.0,20015.0,0.0
3,69,AUS,BOG,4,249,198,25,33,KG,139.0,139.0,139.0,14140.0,5.0,45249279.0,58.0,0.0,989.0
35,97,BOL,BUN,1,434,198,5,33,KG,203.0,4.0,282.0,95.0,203.0,4.0,1734.0,55.0,5464838.0
48,521,NIC,CTG,1,467,198,11,33,KG,201.0,59.0,226.0,44.0,201.0,59.0,1040.0,39.0,3263276.0
3,644,CZE,BOG,4,573,198,25,11,U,45600.0,2537.0,1450.0,12971.0,40683411.0,79.0,12792.0,25.0,0.0
48,403,JOR,CTG,1,580,198,23,33,KG,42275.0,56.0,45501.0,86.0,42275.0,56.0,200089.0,94.0,624392663.0
90,249,USA,MDE,4,169,198,5,11,U,1800.0,60.0,54.0,234.0,760441.0,5.0,0.0,0.0,0.0
37,239,ECU,IPI,3,169,198,17,11,U,744.0,46.0,48.0,44.0,6.0,512.0,16.0,1611327.0,6.0
90,493,MEX,MDE,4,249,199,5,11,U,6.0,2.0,55.0,2.0,21.0,207.0,58.0,653997.0,39.0
48,196,CRI,CTG,1,221,2,5,33,KG,1.0,5.0,1.0,57.0,1.0,5.0,3.0,9412.0,98.0
90,249,USA,MDE,4,169,198,5,11,U,7761.0,1188.0,1065.0,2588.0,13.0,8087802.0,71.0,0.0,0.0
3,196,CRI,BOG,4,169,198,11,82,M2,318.0,61.0,43.0,37.0,38.0,57.0,598.0,99.0,1886910.0
48,249,USA,CTG,1,434,199,11,33,KG,452.0,8.0,511.0,82.0,452.0,8.0,5144.0,76.0,16507271.0
3,244,ARE,BOG,4,23,198,11,11,U,2.0,176.0,126.0,2156.0,5.0,6919259.0,64.0,746.0,47.0
35,815,TTO,CTG,1,467,199,76,33,KG,159000.0,159413.0,159000.0,56879.0,7.0,178406322.0,2.0,54114.0,75.0
37,239,ECU,IPI,3,169,198,11,11,U,90.0,5658.0,59.0,5374.0,2.0,26360.0,82257961.0,6.0,0.0
90,211,CHL,MDE,4,580,198,5,11,U,5.0,73.0,14.0,37.0,63.0,911.0,98.0,2926142.0,54.0
3,317,GTM,BOG,4,580,198,11,33,KG,106.0,112.0,76.0,106.0,2788.0,8.0,9063627.0,88.0,0.0
48,345,HND,CTG,1,741,198,17,11,U,36.0,68.0,42.0,52.0,113.0,76.0,358409.0,98.0,0.0
37,239,ECU,IPI,3,239,198,11,11,U,198738.0,1663.0,6.0,1506.0,9.0,11174.0,34.0,35853540.0,35.0
48,83,BRB,CTG,1,434,198,13,11,U,12000.0,74.0,96.0,67.0,2.0,598.0,58.0,1945390.0,98.0
3,249,USA,BOG,4,105,198,11,11,U,38391.0,14780.0,79.0,14350.0,105517.0,39.0,332536999.0,3.0,105517.0
3,149,CAN,BOG,4,149,198,25,33,KG,80.0,100.0,15.0,80.0,528.0,1663506.0,24.0,0.0,0.0
35,211,CHL,BUN,1,232,198,76,33,KG,49428.0,50990.0,49428.0,46372.0,54.0,148669335.0,4.0,0.0,1520.0
3,493,MEX,BOG,4,249,198,25,11,U,102000.0,472.0,448.0,8.0,4323.0,4.0,13664192.0,16.0,0.0
3,589,PER,BOG,4,169,198,11,11,U,1.0,180.0,127.0,3399.0,2.0,10674133.0,84.0,0.0,0.0
35,580,PAN,BUN,1,607,198,76,11,U,136.0,1930.0,84.0,1853.0,68.0,3632.0,56.0,11362901.0,95.0
35,589,PER,BUN,1,741,198,5,33,KG,4518.0,4970.0,4518.0,14098.0,46.0,44314561.0,44.0,4782.0,73.0
48,245,ESP,CTG,1,23,198,11,33,KG,46176.0,49780.0,46176.0,98850.0,21.0,320825300.0,6.0,0.0,0.0
37,239,ECU,IPI,3,239,198,5,33,KG,8000.0,8456.0,8000.0,10000.0,31365900.0,0.0,800.0,0.0,0.0
3,399,JPN,BOG,4,573,198,11,11,U,1000.0,18.0,48.0,16.0,230.0,724842.0,7.0,0.0,0.0
90,249,USA,MDE,4,211,198,5,11,U,59354.0,13219.0,25.0,11878.0,41933.0,29.0,132795121.0,41933.0,22.0
3,245,ESP,BOG,4,245,198,11,11,U,1150.0,90.0,63.0,83.0,86.0,11.0,5.0,36180.0,61.0
3,589,PER,BOG,4,169,2,11,11,U,200.0,29.0,85.0,26.0,82.0,38.0,119722.0,4.0,0.0
3,580,PAN,BOG,4,249,198,25,33,KG,4.0,46.0,4.0,67.0,4.0,46.0,119.0,35.0,374479.0
3,647,DOM,BOG,4,249,198,11,11,U,11900.0,765.0,729.0,5204.0,5.0,16329951.0,47.0,5148.0,0.0
3,200,CUW,BOG,4,249,198,5,11,U,50.0,6.0,6.0,1918.0,8.0,5987730.0,5.0,1765.0,82.0
48,211,CHL,CTG,1,23,198,5,33,KG,4700.0,16.0,5374.0,63.0,4700.0,16.0,14722.0,46529175.0,44.0
3,169,COL,BOG,3,169,199,11,11,U,10.0,4.0,9.0,4.0,9.0,137.0,88.0,436355.0,73.0
35,97,BOL,BUN,1,351,199,25,33,KG,221.0,229.0,68.0,221.0,3288.0,91.0,10660015.0,9.0,0.0
48,391,JAM,CTG,1,434,198,11,33,KG,480.0,582.0,36.0,480.0,6475.0,9.0,20775714.0,77.0,0.0
89,850,VEN,CUC,3,850,198,54,67,M3,1.0,786.0,786.0,441.0,1433139.0,75.0,0.0,11.0,96.0
90,249,USA,MDE,4,211,198,5,11,U,48.0,10.0,8.0,4.0,2.0,7.0,8619.0,22.0,0.0
3,190,KOR,BOG,4,827,198,11,11,U,2400.0,97.0,54.0,60.0,432.0,1356562.0,8.0,432.0,0.0
87,493,MEX,BAQ,1,472,198,8,33,KG,4998542.0,4998542.0,4998542.0,2456852.0,99.0,7666757166.0,0.0,0.0,0.0
3,573,NLD,BOG,4,827,198,11,33,KG,20642.0,72.0,26260.0,8.0,20642.0,72.0,92428.0,8.0,292514044.0
48,611,PRI,CTG,1,741,199,8,33,KG,36641.0,36641.0,36641.0,38028.0,4.0,119531627.0,4.0,38028.0,4.0
41,196,CRI,TRB,1,607,198,5,11,U,12.0,2.0,22.0,2.0,9.0,68.0,4.0,215541.0,19.0
37,239,ECU,IPI,3,169,198,11,11,U,40.0,1897.0,35.0,1802.0,8820.0,27523339.0,2.0,0.0,0.0
3,105,BRA,BOG,4,211,198,25,33,KG,45.0,66.0,45.0,45.0,240.0,753645.0,6.0,0.0,126.0
3,628,GBR,BOG,4,249,198,68,11,U,54.0,9.0,23.0,8.0,734.0,4.0,2291739.0,26.0,0.0
37,239,ECU,IPI,3,169,198,5,33,KG,8435.0,14.0,10418.0,95.0,8435.0,14.0,41033.0,76.0,128965101.0
19,573,NLD,SMR,1,434,198,25,33,KG,69748.0,5.0,81398.0,55.0,69748.0,5.0,279294.0,1.0,878698954.0
41,87,BEL,TRB,1,221,198,5,33,KG,21516.0,23560.0,1.0,21516.0,46903.0,99.0,152025212.0,4.0,0.0
3,149,CAN,BOG,4,249,198,11,11,U,152.0,53.0,74.0,45.0,193.0,4.0,611523.0,69.0,193.0
19,23,DEU,SMR,1,741,198,47,33,KG,870000.0,870000.0,870000.0,443502.0,2.0,1387305927.0,0.0,0.0,0.0
3,196,CRI,BOG,4,169,198,11,82,M2,970.0,6.0,215.0,94.0,196.0,53.0,1717.0,71.0,5365232.0
48,647,DOM,CTG,1,301,198,5,33,KG,940.0,1081.0,83.0,940.0,7776.0,3.0,24950725.0,12.0,0.0
35,97,BOL,BUN,1,580,198,76,33,KG,48172.0,52446.0,48172.0,61033.0,9.0,190918311.0,6.0,0.0,1493.0
35,249,USA,BUN,1,434,198,5,33,KG,33510.0,33964.0,33510.0,137298.0,81.0,431144350.0,2.0,0.0,0.0
35,249,USA,BUN,1,628,198,76,33,KG,33994.0,24.0,37010.0,29.0,33994.0,24.0,49961.0,36.0,157407261.0
35,249,USA,BUN,1,580,198,76,33,KG,46917.0,81.0,51996.0,3.0,46917.0,81.0,75322.0,81.0,240623413.0
88,493,MEX,BOG,4,493,198,76,33,KG,34.0,96.0,37.0,16.0,34.0,96.0,1291.0,76.0,4070968.0
35,249,USA,BUN,1,472,198,76,33,KG,2783.0,2841.0,29.0,2783.0,4977.0,75.0,15682799.0,59.0,0.0
3,196,CRI,BOG,4,580,198,11,11,U,25.0,2.0,38.0,2.0,13.0,19.0,5.0,61163.0,5.0
3,399,JPN,BOG,4,249,198,11,11,U,426380.0,14033.0,95.0,11625.0,81041.0,46.0,255748046.0,5.0,68961.0
37,239,ECU,IPI,3,169,198,5,11,U,207.0,118.0,6.0,102.0,31.0,3820.0,66.0,12020331.0,25.0
90,249,USA,MDE,4,169,198,5,11,U,190.0,35.0,29.0,,8.0,2516.0,9.0,0.0,0.0
3,573,NLD,BOG,4,169,198,11,33,KG,41414.0,5.0,51789.0,76.0,41414.0,5.0,128108.0,410138190.0,8.0
90,169,COL,MDE,3,169,198,5,11,U,39.0,19.0,41.0,19.0,41.0,844.0,41.0,2641373.0,58.0
90,249,USA,MDE,4,211,198,5,11,U,1080.0,52.0,49.0,4.0,237.0,6.0,741445.0,5.0,232.0
41,628,GBR,TRB,1,221,198,5,33,KG,78365.0,86400.0,78365.0,31968.0,100746832.0,3.0,27316.0,36.0,0.0
3,149,CAN,BOG,4,580,198,11,11,U,60.0,87.0,86.0,79.0,29.0,2240.0,7057299.0,2.0,0.0
48,105,BRA,CTG,1,23,198,5,33,KG,5700.0,5775.0,93.0,5700.0,6178.0,8.0,19402605.0,97.0,2111.0
48,196,CRI,CTG,1,434,198,11,33,KG,13151.0,13480.0,99.0,13151.0,32224.0,59.0,104730239.0,7.0,24209.0
3,589,PER,BUN,1,218,198,25,33,KG,3154.0,59.0,3446.0,77.0,3154.0,59.0,27208.0,32.0,85439294.0
48,249,USA,CTG,1,607,198,13,33,KG,5000.0,5142.0,72.0,5000.0,14583.0,82.0,45619209.0,82.0,0.0
37,239,ECU,IPI,3,169,198,76,11,U,2.0,296.0,3.0,295.0,4104.0,2.0,12983472.0,53.0,0.0
48,105,BRA,CTG,1,741,198,5,33,KG,10000.0,10373.0,97.0,10000.0,34961.0,109804290.0,6.0,18700.0,88.0
35,211,CHL,BUN,1,741,198,76,33,KG,1685.0,1787.0,1685.0,7219.0,66.0,22848418.0,98.0,0.0,265.0
3,249,USA,BOG,4,249,198,25,11,U,8638.0,417.0,37.0,229.0,5.0,3444.0,5.0,10911693.0,77.0
3,611,PRI,BOG,4,249,198,11,82,M2,307.0,28.0,42.0,42.0,39.0,19.0,934.0,7.0,3037541.0
48,337,GUY,CTG,1,434,198,76,33,KG,6556.0,7487.0,15.0,6556.0,18557.0,71.0,59543525.0,99.0,17728.0
87,200,CUW,BAQ,1,607,198,5,11,U,1000.0,70.0,63.0,69.0,205.0,647291.0,6.0,0.0,0.0
90,211,CHL,MDE,4,580,198,5,11,U,1.0,10.0,94.0,5.0,63.0,128.0,75.0,413102.0,1.0
3,573,NLD,BOG,4,249,198,25,11,U,2585.0,234.0,99.0,227.0,956.0,91.0,3007778.0,64.0,0.0
88,211,CHL,CLO,4,169,199,76,11,U,1.0,,25.0,,25.0,16.0,19.0,50936.0,0.0
37,239,ECU,IPI,3,169,198,5,33,KG,574.0,9.0,606.0,53.0,574.0,9.0,1528.0,4807301.0,92.0
37,239,ECU,IPI,3,169,198,5,33,KG,100.0,106.0,79.0,100.0,357.0,1115610.0,72.0,0.0,20.0
90,249,USA,MDE,4,249,198,5,11,U,729572.0,54750.0,13.0,48274.0,181034.0,24.0,581159866.0,0.0,0.0
35,603,POL,BUN,1,741,198,5,33,KG,19235.0,19400.0,19235.0,55127.0,12.0,172027485.0,6.0,0.0,0.0
88,27,ABW,CLO,4,580,198,76,11,U,235.0,130.0,3.0,126.0,7103.0,5.0,22198153.0,36.0,0.0
3,196,CRI,BOG,4,169,198,5,33,KG,66.0,69.0,66.0,823.0,2568220.0,88.0,0.0,0.0,0.0
3,580,PAN,BOG,4,169,198,11,33,KG,284.0,318.0,35.0,284.0,77317.0,6.0,244131868.0,3.0,0.0
48,589,PER,CTG,1,741,199,13,33,KG,21492.0,27998.0,21492.0,322380.0,1047654405.0,0.0,0.0,0.0,0.0
37,239,ECU,IPI,3,239,199,5,11,U,702.0,129.0,55.0,107.0,41.0,1558.0,44.0,4888031.0,47.0
3,249,USA,BOG,4,850,198,11,11,U,93.0,192.0,180.0,8370.0,26119087.0,2.0,0.0,0.0,0.0
35,211,CHL,BUN,1,741,4,11,11,U,131.0,2700.0,2700.0,6100.0,19155159.0,0.0,0.0,0.0,0.0
3,589,PER,BOG,4,249,198,5,11,U,1.0,,17.0,,16.0,12.0,8.0,41600.0,12.0
3,611,PRI,BOG,4,580,198,11,11,U,290.0,67.0,63.0,58.0,2.0,2150.0,6773747.0,0.0,0.0
48,105,BRA,CTG,1,23,198,5,33,KG,1700.0,1774.0,3.0,1700.0,5185.0,16402540.0,1.0,5150.0,8.0
3,317,GTM,BOG,4,580,198,11,82,M2,659.0,24.0,89.0,96.0,83.0,71.0,1190.0,25.0,3742889.0
90,249,USA,MDE,4,249,198,5,11,U,16.0,30.0,87.0,26.0,77.0,1112.0,45.0,3471466.0,97.0
3,443,LTU,BOG,4,249,198,25,11,U,4600.0,188.0,169.0,834.0,2602547.0,4.0,813.0,3.0,0.0
87,341,HTI,BAQ,1,434,199,8,82,M2,153.0,254.0,31.0,236.0,9.0,3175.0,10005980.0,75.0,0.0
48,493,MEX,CTG,1,23,198,76,11,U,998.0,346.0,63.0,311.0,98.0,15868.0,2.0,50008473.0,61.0
3,249,USA,BOG,4,573,104,11,11,U,1.0,593.0,500.0,23493.0,95.0,74182617.0,0.0,0.0,0.0
88,580,PAN,CLO,4,580,198,76,11,U,3.0,158.0,151.0,2395.0,7528011.0,9.0,0.0,485.0,100.0
3,644,CZE,BOG,4,169,198,11,11,U,9000.0,748.0,41.0,464.0,3087.0,9682344.0,63.0,3087.0,0.0
90,249,USA,MDE,4,249,198,5,11,U,55000.0,2298.0,2068.0,7680.0,24162355.0,2.0,0.0,0.0,0.0
41,23,DEU,TRB,1,434,198,5,33,KG,48960.0,55488.0,48960.0,42042.0,15.0,132020339.0,0.0,0.0,0.0
87,580,PAN,BAQ,1,741,198,8,82,M2,24633.0,4.0,62946.0,62046.0,122668.0,34.0,384625220.0,2.0,104654.0
3,603,POL,BOG,4,253,198,25,11,U,150000.0,5061.0,1.0,4098.0,22281.0,71070400.0,8.0,22281.0,0.0
3,589,PER,BOG,4,589,198,11,33,KG,125.0,140.0,125.0,1587.0,5.0,5017325.0,5.0,1555.0,52.0
3,249,USA,BOG,4,249,198,11,11,U,1157198.0,35257.0,95.0,30486.0,174777.0,65.0,546535980.0,167326.0,55.0
48,249,USA,CTG,1,434,198,5,33,KG,115646.0,116636.0,115646.0,318643.0,84.0,1016421272.0,0.0,0.0,0.0
87,249,USA,BAQ,1,434,198,8,11,U,2400.0,48.0,45.0,348.0,1091905.0,68.0,0.0,0.0,0.0
41,386,ITA,TRB,1,580,198,5,33,KG,1113536.0,1223226.0,1113536.0,469026.0,48.0,1475325878.0,469026.0,48.0,0.0
3,196,CRI,BOG,4,169,199,11,82,M2,60.0,2.0,26.0,2.0,23.0,11.0,225.0,75.0,704466.0
3,493,MEX,BOG,4,493,198,25,33,KG,152.0,47.0,162.0,74.0,152.0,47.0,5257.0,69.0,16558258.0
48,239,ECU,CTG,1,434,198,13,33,KG,1504.0,8.0,1743.0,3.0,1504.0,8.0,64768.0,19.0,203151257.0
37,239,ECU,IPI,3,169,198,76,33,KG,22097.0,55.0,24249.0,45.0,22097.0,55.0,107453.0,4.0,338775700.0
48,105,BRA,CTG,1,467,198,5,33,KG,22590.0,25599.0,98.0,22590.0,73521.0,9.0,229429500.0,3.0,26946.0
90,105,BRA,BOG,4,105,198,5,33,KG,10.0,10.0,10.0,243.0,17.0,758826.0,57.0,0.0,0.0
3,239,ECU,BOG,4,239,198,25,11,U,153.0,24.0,73.0,22.0,32.0,637.0,96.0,2007111.0,47.0
48,249,USA,CTG,1,741,198,5,11,U,3871.0,2115.0,3.0,1164.0,42.0,3483.0,9.0,10897883.0,7.0
48,249,USA,CTG,1,434,198,11,33,KG,96.0,104.0,34.0,96.0,159.0,15.0,500243.0,46.0,0.0
3,244,ARE,BOG,4,573,198,25,11,U,31832.0,1932.0,1739.0,23872.0,4.0,75211905.0,99.0,21464.0,4.0
48,275,FRA,CTG,1,434,198,5,11,U,2043.0,1142.0,98.0,966.0,86.0,7150.0,5.0,22313564.0,28.0
35,149,CAN,BUN,1,580,198,76,33,KG,19195.0,19388.0,19195.0,62205.0,51.0,199590111.0,2.0,0.0,0.0
3,249,USA,BOG,4,249,198,11,11,U,1137973.0,44707.0,92.0,43403.0,260450.0,57.0,816900608.0,3.0,256753.0
35,239,ECU,BUN,1,741,198,76,11,U,1830.0,1424.0,62.0,1249.0,9.0,6341.0,94.0,20611368.0,41.0
3,573,NLD,BOG,4,445,198,5,11,U,540.0,32.0,96.0,28.0,54.0,170668.0,8.0,51.0,24.0
3,647,DOM,BOG,4,169,198,11,33,KG,270.0,299.0,5.0,270.0,9108.0,29223564.0,48.0,0.0,0.0
88,242,SLV,CLO,4,169,198,76,11,U,91.0,183.0,99.0,164.0,3378.0,6.0,10979605.0,35.0,0.0
35,589,PER,BUN,1,628,198,11,11,U,1800.0,264.0,25.0,236.0,1800.0,5775408.0,0.0,21.0,3.0
35,589,PER,BUN,1,628,198,11,11,U,11412.0,2576.0,9.0,2300.0,67.0,17547.0,6.0,56302527.0,45.0
48,249,USA,CTG,1,628,198,5,11,U,3.0,682.0,93.0,662.0,38.0,1722.0,75.0,5457430.0,81.0
35,455,MYS,BUN,1,607,198,17,33,KG,57787.0,58338.0,57787.0,182815.0,1.0,578327971.0,5.0,0.0,0.0
48,196,CRI,CTG,1,741,198,13,33,KG,19600.0,19703.0,19600.0,38112.0,122284638.0,7.0,19822.0,5.0,500.0
35,589,PER,BUN,1,215,198,5,11,U,5004.0,22531.0,95.0,21682.0,33.0,76561.0,2.0,248804759.0,7.0
35,97,BOL,BUN,1,472,2,17,11,U,960.0,230.0,4.0,211.0,2.0,9.0,6.0,31197.0,6.0
48,764,SWE,CTG,1,434,198,11,11,U,1.0,,69.0,,68.0,47.0,43.0,148008.0,16.0
90,580,PAN,MDE,4,580,198,5,11,U,65.0,18.0,31.0,13.0,94.0,1555.0,6.0,4889593.0,3.0
90,239,ECU,MDE,4,580,198,5,11,U,35.0,9.0,72.0,8.0,4.0,593.0,16.0,1850991.0,36.0
48,493,MEX,CTG,1,741,198,5,33,KG,43.0,2.0,45.0,3.0,43.0,2.0,230.0,4.0,748802.0
3,87,BEL,BOG,4,850,198,5,11,U,5.0,2.0,11.0,2.0,1.0,150.0,12.0,474457.0,26.0
3,249,USA,BOG,4,249,199,11,33,KG,13.0,13.0,8.0,13.0,1268.0,4016846.0,48.0,0.0,0.0
90,239,ECU,BOG,4,169,199,5,33,KG,319.0,4.0,417.0,6.0,319.0,4.0,7467.0,71.0,23623801.0
3,239,ECU,IPI,3,169,198,25,33,KG,2364.0,2534.0,31.0,2364.0,4037.0,19.0,12704461.0,55.0,0.0
48,493,MEX,CTG,1,434,104,13,33,KG,495.0,495.0,495.0,4986.0,92.0,15746299.0,63.0,0.0,135.0
3,603,POL,BOG,4,573,198,25,11,U,1700.0,101.0,55.0,389.0,2.0,1232931.0,11.0,0.0,0.0
35,580,PAN,BUN,1,607,198,76,33,KG,476.0,16.0,513.0,13.0,476.0,16.0,1639.0,84.0,5261525.0
48,242,SLV,CTG,1,434,198,13,33,KG,65000.0,66475.0,36.0,65000.0,87801.0,42.0,277014681.0,9.0,23387.0
3,23,DEU,BOG,4,573,198,11,33,KG,2.0,54.0,9.0,45.0,2.0,54.0,2.0,6326.0,92.0
3,249,USA,BOG,4,850,198,68,11,U,7.0,,71.0,,7.0,109.0,62.0,346919.0,89.0
3,196,CRI,BOG,4,249,198,25,33,KG,3.0,47.0,3.0,68.0,3.0,47.0,150.0,35.0,475184.0
48,580,PAN,CTG,1,580,198,11,11,U,780.0,189.0,2.0,170.0,28.0,2621.0,4.0,8496481.0,68.0
35,97,BOL,BUN,1,741,2,5,11,U,11.0,35.0,12.0,13.0,65.0,46.0,5.0,151113.0,37.0
90,249,USA,MDE,4,169,198,5,11,U,115337.0,16961.0,44.0,13921.0,52249.0,5.0,166084819.0,4.0,0.0
41,87,BEL,TRB,1,221,198,5,33,KG,820445.0,873793.0,98.0,820445.0,380760.0,92.0,1237377800.0,380760.0,92.0
48,63,ARG,CTG,1,580,199,13,33,KG,54000.0,55029.0,78.0,54000.0,82646.0,265174649.0,8.0,22996.0,8.0
3,97,BOL,BOG,4,239,198,11,11,U,4.0,316.0,216.0,10800.0,34652448.0,0.0,0.0,0.0,0.0
3,589,PER,BOG,4,589,198,25,33,KG,,29.0,,3.0,,29.0,21.0,79.0,68959.0
35,399,JPN,BUN,1,580,198,11,33,KG,7.0,10.0,7.0,356.0,32.0,1157950.0,92.0,0.0,0.0
35,200,CUW,BUN,1,741,198,76,11,U,8.0,152.0,48.0,152.0,48.0,552.0,1793862.0,0.0,0.0
90,239,ECU,MDE,4,169,198,5,33,KG,113.0,4.0,139.0,113.0,4.0,263.0,56.0,830366.0,86.0
88,242,SLV,CLO,4,169,198,76,33,KG,,6.0,,23.0,,6.0,3.0,29.0,10266.0
35,589,PER,BUN,1,218,104,25,11,U,1018093.0,2623.0,24.0,2484.0,99.0,4500.0,9.0,14131137.0,6.0
3,249,USA,BOG,4,169,198,11,53,C/T,14.0,68.0,,1.0,,1.0,450.0,1422234.0,0.0
48,386,ITA,CTG,1,741,198,41,33,KG,19047.0,19280.0,19047.0,53170.0,11.0,167516685.0,2.0,0.0,1831.0
16,580,PAN,PEI,4,169,198,66,11,U,1204.0,549.0,97.0,485.0,15652.0,49094628.0,7.0,0.0,0.0
48,493,MEX,CTG,1,23,198,13,33,KG,1001.0,3.0,1183.0,1001.0,3.0,23054.0,88.0,74922596.0,28.0
48,317,GTM,CTG,1,434,198,13,11,U,83800.0,1309.0,46.0,1217.0,36.0,5256.0,35.0,16715464.0,93.0
88,149,CAN,BOG,4,149,198,76,11,U,1165.0,414.0,8.0,414.0,8.0,13595.0,55.0,42833867.0,91.0
35,87,BEL,BUN,1,467,198,63,33,KG,19240.0,19405.0,19240.0,52277.0,82.0,169903437.0,8.0,0.0,0.0
3,149,CAN,BOG,4,249,198,11,11,U,32116.0,2012.0,78.0,1928.0,8134.0,16.0,25383134.0,32.0,7759.0
48,647,DOM,CTG,1,628,2,25,33,KG,1.0,64.0,2.0,82.0,1.0,64.0,3.0,16.0,9923.0
3,399,JPN,BOG,4,249,198,25,11,U,10720.0,1109.0,1042.0,4285.0,13529973.0,2.0,4165.0,6.0,0.0
19,573,NLD,SMR,1,467,198,66,33,KG,22960.0,25256.0,22960.0,46608.0,31.0,147648600.0,9.0,0.0,0.0
3,317,GTM,CTG,1,434,198,25,11,U,2377.0,155.0,15.0,135.0,49.0,947.0,38.0,2972556.0,33.0
35,589,PER,BUN,1,580,198,17,11,U,111.0,5181.0,62.0,5043.0,23379.0,46.0,74062856.0,15.0,17415.0
35,242,SLV,BUN,1,607,198,76,11,U,456.0,2584.0,39.0,2180.0,7.0,9327.0,1.0,29926559.0,96.0
35,337,GUY,BUN,1,232,198,19,33,KG,79500.0,79707.0,79500.0,28738.0,46.0,90415218.0,54.0,0.0,0.0
48,345,HND,CTG,1,607,198,25,11,U,589.0,329.0,4.0,306.0,79.0,6768.0,91.0,21997265.0,27.0
3,580,PAN,BOG,4,169,198,11,11,U,450.0,108.0,101.0,4045.0,5.0,12797777.0,43.0,0.0,0.0
48,317,GTM,CTG,1,399,199,5,11,U,1.0,1359.0,1359.0,12202.0,38600538.0,92.0,4050.0,86.0,688.0
48,855,VNM,CTG,1,741,199,13,67,M3,181.0,5.0,249990.0,249990.0,86580.0,57.0,273639623.0,1.0,0.0
3,399,JPN,BOG,4,493,198,25,11,U,64800.0,2317.0,2085.0,10044.0,31502905.0,56.0,0.0,0.0,0.0
3,580,PAN,BOG,4,580,198,11,33,KG,153.0,89.0,188.0,5.0,153.0,89.0,4016.0,12680600.0,32.0
3,467,MLT,BOG,4,169,198,11,11,U,640.0,48.0,44.0,204.0,8.0,644329.0,47.0,0.0,0.0
3,580,PAN,BOG,4,580,198,11,11,U,8120.0,874.0,99.0,844.0,3541.0,2.0,11050527.0,6.0,0.0
90,249,USA,MDE,4,169,198,5,11,U,7000.0,300.0,4.0,270.0,770.0,2431290.0,4.0,0.0,0.0
35,211,CHL,BUN,1,232,198,11,33,KG,129.0,56.0,148.0,3.0,129.0,56.0,779.0,7.0,2451063.0
35,196,CRI,BUN,1,741,198,76,33,KG,211.0,2.0,232.0,1.0,211.0,2.0,672.0,1.0,2097328.0
48,855,VNM,CTG,1,472,198,23,67,M3,389.0,71.0,543440.0,543440.0,190489.0,67.0,601474942.0,8.0,0.0
48,196,CRI,CTG,1,434,198,11,11,U,1867.0,2993.0,4.0,2837.0,11.0,17044.0,99.0,55147162.0,73.0
90,580,PAN,MDE,4,580,198,5,11,U,22.0,29.0,52.0,25.0,84.0,112.0,26.0,364816.0,93.0
35,239,ECU,BUN,1,741,198,76,11,U,6048.0,41.0,47.0,35.0,53.0,1541.0,39.0,4809999.0,97.0
37,239,ECU,IPI,3,169,198,5,33,KG,1284.0,43.0,1328.0,76.0,1284.0,43.0,31890.0,92.0,100151593.0
48,815,TTO,CTG,1,580,198,5,33,KG,11495.0,1.0,31291.0,25.0,11495.0,1.0,151035.0,42.0,490827356.0
48,249,USA,CTG,1,434,199,13,33,KG,464025.0,475687.0,94.0,464025.0,564527.0,55.0,1813124809.0,104689.0,73.0
3,589,PER,BOG,4,249,198,25,33,KG,144.0,46.0,192.0,39.0,144.0,46.0,6772.0,92.0,21243873.0
48,211,CHL,CTG,1,741,198,25,33,KG,3897.0,4910.0,22.0,3897.0,10132.0,2.0,32929751.0,32.0,0.0
3,249,USA,BOG,4,249,198,11,19,2U,358.0,240.0,96.0,180.0,8.0,4330.0,79.0,13674556.0,4.0
3,245,ESP,BOG,7,245,198,68,67,M3,3121.0,31.0,2921856.0,2921856.0,2063784.0,51.0,6521614010.0,0.0,0.0
90,211,CHL,BOG,4,211,198,5,11,U,47530.0,3985.0,69.0,3341.0,93.0,92175.0,95.0,289920506.0,2.0
37,239,ECU,IPI,3,239,199,5,33,KG,,5.0,1.0,21.0,,5.0,98.0,66.0,312106.0
3,27,ABW,BOG,4,850,198,5,11,U,1665.0,264.0,5.0,248.0,8325.0,26372434.0,5.0,0.0,0.0
3,493,MEX,CTG,1,434,198,25,11,U,63432.0,615.0,26.0,554.0,18.0,9903.0,42.0,31060150.0,17.0
35,211,CHL,BUN,1,431,199,5,11,U,1865.0,8100.0,7290.0,559317.0,26.0,1812859103.0,0.0,5600.0,1330.0
3,628,GBR,BOG,4,169,198,11,11,U,12950.0,888.0,860.0,5168.0,6.0,16217309.0,47.0,0.0,0.0
3,676,RUS,BOG,4,445,198,25,11,U,45.0,8.0,25.0,7.0,5.0,81.0,73.0,256895.0,37.0
48,211,CHL,CTG,1,23,198,5,33,KG,16628.0,4.0,19014.0,6.0,16628.0,4.0,79273.0,250543902.0,0.0
35,242,SLV,BUN,1,741,198,5,33,KG,20000.0,20680.0,20000.0,22540.0,70337422.0,4.0,0.0,1500.0,104.0
35,589,PER,BUN,1,232,198,5,33,KG,1052637.0,7.0,1069173.0,88.0,1052637.0,7.0,955159.0,6.0,3017215707.0
90,200,CUW,BOG,4,239,198,5,11,U,800.0,23.0,64.0,20.0,4.0,152.0,477177.0,4.0,0.0
35,580,PAN,BUN,1,434,198,17,33,KG,220.0,5.0,225.0,5.0,220.0,5.0,611.0,1.0,1906974.0
48,715,LCA,CTG,1,43,198,5,33,KG,108.0,157.0,108.0,864.0,2807784.0,0.0,0.0,0.0,0.0
48,105,BRA,CTG,1,434,198,66,82,M2,21789.0,45441.0,99.0,45021.0,187511.0,17.0,609364424.0,7.0,128775.0
35,341,HTI,BUN,1,580,199,19,33,KG,125000.0,125500.0,125000.0,38272.0,5.0,120041313.0,5.0,31297.0,5.0
3,211,CHL,BOG,4,211,198,11,82,M2,412.0,76.0,44.0,56.0,43.0,78.0,614.0,71.0,1930879.0
3,386,ITA,BOG,4,573,198,25,11,U,27600.0,1706.0,1190.0,9314.0,29064895.0,84.0,0.0,0.0,0.0
3,169,COL,BOG,3,169,198,11,33,KG,42.0,42.0,42.0,42.0,42.0,42.0,731.0,66.0,2299864.0
3,149,CAN,BOG,4,149,198,11,11,U,150.0,15.0,5.0,8.0,,15.0,471.0,2.0,0.0
48,580,PAN,CTG,1,434,199,11,11,U,18556.0,8016.0,1.0,7654.0,3.0,22267.0,2.0,70174858.0,12.0
35,589,PER,BUN,1,472,198,76,33,KG,132500.0,132845.0,132500.0,46903.0,68.0,146365747.0,7.0,0.0,0.0
3,317,GTM,CTG,1,434,198,25,33,KG,86.0,22.0,95.0,24.0,86.0,22.0,926.0,57.0,2907261.0
37,239,ECU,IPI,3,169,198,5,33,KG,29000.0,29783.0,29000.0,11600.0,36557284.0,0.0,3000.0,16.0,0.0
3,249,USA,BOG,4,249,2,5,33,KG,1.0,8.0,1.0,2.0,1.0,8.0,4.0,12591.0,22.0
48,345,HND,CTG,1,741,198,5,11,U,96.0,235.0,62.0,231.0,1.0,932.0,4.0,2991661.0,34.0
35,211,CHL,BUN,1,741,198,5,33,KG,180.0,185.0,14.0,180.0,1368.0,4274945.0,28.0,0.0,0.0
35,249,USA,BUN,1,741,198,66,33,KG,192116.0,194046.0,192116.0,608348.0,91.0,1912174461.0,0.0,0.0,0.0
48,196,CRI,CTG,1,434,198,17,33,KG,36025.0,55.0,43835.0,41.0,36025.0,55.0,111290.0,52.0,355573011.0
35,589,PER,BUN,1,628,2,11,19,2U,408.0,34.0,99.0,31.0,5.0,13.0,6.0,43636.0,41.0
35,611,PRI,CTG,1,741,198,5,33,KG,75000.0,75822.0,5.0,75000.0,22500.0,73119375.0,0.0,2325.0,0.0
3,647,DOM,BOG,4,580,198,25,11,U,219.0,17.0,23.0,15.0,63.0,1384.0,7.0,4348221.0,9.0
48,196,CRI,CTG,1,221,198,5,33,KG,106000.0,106500.0,106000.0,29960.0,94418640.0,4.0,0.0,0.0,0.0
90,249,USA,MDE,4,169,198,5,11,U,286.0,47.0,42.0,162.0,2.0,507372.0,95.0,0.0,0.0
3,249,USA,BOG,4,249,198,11,11,U,215.0,248.0,7.0,224.0,45.0,1970.0,6220314.0,4.0,0.0
3,63,ARG,BOG,4,249,198,25,11,U,6750.0,368.0,1.0,356.0,99.0,1147.0,5.0,3626696.0,7.0
35,589,PER,BUN,1,23,198,11,33,KG,1860.0,2124.0,44.0,1860.0,23722.0,8.0,74467885.0,1.0,0.0
3,149,CAN,BOG,4,149,198,11,33,KG,4.0,8.0,6.0,27.0,4.0,8.0,26.0,82364.0,36.0
35,211,CHL,BUN,1,351,198,5,11,U,251560.0,13806.0,97.0,12552.0,15.0,48402.0,4.0,151817354.0,6.0
37,239,ECU,IPI,3,169,198,11,33,KG,313.0,92.0,345.0,31.0,313.0,92.0,12861.0,96.0,40193110.0
3,239,ECU,BOG,4,169,198,11,11,U,146.0,49.0,21.0,44.0,14.0,1411.0,82.0,4588062.0,4.0
37,239,ECU,IPI,3,169,198,11,82,M2,80.0,3.0,5.0,28.0,4.0,93.0,150.0,46.0,475080.0
90,249,USA,MDE,4,211,198,5,11,U,2910.0,348.0,330.0,6.0,1047.0,9.0,3305939.0,23.0,0.0
3,589,PER,BUN,1,628,198,25,11,U,1846.0,4.0,9.0,3.0,69.0,57.0,63.0,180270.0,67.0
3,647,DOM,CTG,1,90,198,25,33,KG,2515.0,5.0,2769.0,14.0,2515.0,5.0,12217.0,55.0,38334517.0
37,239,ECU,IPI,3,169,198,11,33,KG,14640.0,16370.0,76.0,14640.0,17148.0,53950008.0,72.0,0.0,0.0
87,580,PAN,BAQ,1,580,198,8,11,U,5.0,5.0,3.0,5.0,40.0,126023.0,2.0,0.0,0.0
3,603,POL,BOG,4,827,198,11,11,U,15500.0,537.0,59.0,474.0,2315.0,7260974.0,35.0,0.0,0.0
88,249,USA,CLO,4,169,198,76,11,U,47.0,4.0,88.0,3.0,6.0,50.0,29.0,163443.0,0.0
35,211,CHL,BUN,1,607,198,76,33,KG,2144.0,11.0,3618.0,25.0,2144.0,11.0,16381.0,6.0,53240363.0
3,149,CAN,BOG,4,253,198,11,11,U,28290.0,1575.0,58.0,1372.0,5506.0,3.0,17386252.0,37.0,0.0
35,589,PER,BUN,1,628,198,11,11,U,792260.0,3986.0,5.0,3464.0,21.0,59816.0,57.0,188511322.0,2.0
48,317,GTM,CTG,1,741,198,25,11,U,128.0,22400.0,91.0,19769.0,7.0,73389.0,9.0,229015058.0,7.0
37,239,ECU,IPI,3,169,198,5,33,KG,610.0,3.0,617.0,93.0,610.0,3.0,1890.0,5954596.0,2.0
3,580,PAN,BOG,4,23,198,11,11,U,21750.0,1148.0,21.0,580.0,3145.0,5.0,9865829.0,29.0,3145.0
48,580,PAN,CTG,1,23,198,5,11,U,546.0,1770.0,66.0,1660.0,9907.0,22.0,31140572.0,4.0,0.0
48,403,JOR,CTG,1,434,198,5,33,KG,47964.0,1.0,51912.0,72.0,47964.0,1.0,194291.0,2.0,620830471.0
90,589,PER,BOG,4,169,198,5,33,KG,1187.0,12.0,1268.0,3.0,1187.0,12.0,9416.0,29638610.0,39.0
35,211,CHL,BUN,1,580,198,5,33,KG,16638.0,8.0,17822.0,7.0,16638.0,8.0,108999.0,68.0,354250050.0
3,589,PER,BOG,4,580,198,11,11,U,273.0,373.0,36.0,340.0,2.0,7362.0,3.0,23267843.0,5.0
3,249,USA,BOG,4,249,198,5,11,U,136621.0,6699.0,4.0,6028.0,17749.0,44.0,56172540.0,24.0,17749.0
3,249,USA,BOG,4,249,198,11,33,KG,3402.0,62.0,4103.0,12.0,3402.0,62.0,8800.0,8.0,27461177.0
3,301,GRC,BOG,4,850,198,76,11,U,6.0,2.0,1.0,5.0,1050.0,3300381.0,0.0,0.0,0.0
35,196,CRI,BUN,1,741,198,76,33,KG,324.0,364.0,5.0,324.0,939.0,2930205.0,84.0,904.0,74.0
3,391,JAM,BOG,4,169,198,25,11,U,2280.0,162.0,45.0,157.0,51.0,593.0,1859938.0,57.0,584.0
3,87,BEL,BOG,4,245,198,5,33,KG,25.0,28.0,66.0,25.0,264.0,8.0,836905.0,69.0,264.0
3,580,PAN,BOG,4,169,198,11,11,U,5.0,1.0,4.0,1.0,25.0,45.0,35.0,141517.0,39.0
19,628,GBR,SMR,1,467,198,5,33,KG,117139.0,127894.0,117139.0,78240.0,247509110.0,4.0,0.0,0.0,0.0
37,239,ECU,IPI,3,169,198,5,11,U,152.0,41.0,88.0,36.0,29.0,1058.0,84.0,3331258.0,87.0
87,911,XCF,BAQ,3,169,2,8,33,KG,3.0,2.0,3.0,2.0,3.0,2.0,65.0,205708.0,75.0
35,249,USA,CTG,1,434,107,76,11,U,15.0,2.0,8.0,2.0,8.0,2.0,25.0,7088.0,8.0
3,670,ROU,BOG,4,249,198,25,11,U,1500.0,115.0,43.0,5.0,416.0,7.0,1308517.0,17.0,0.0
37,239,ECU,IPI,3,169,198,76,33,KG,16530.0,17101.0,93.0,16530.0,14535.0,47235116.0,25.0,0.0,0.0
3,97,BOL,BUN,1,434,198,25,33,KG,4038.0,21.0,4408.0,95.0,4038.0,21.0,23777.0,67.0,75103412.0
48,611,PRI,CTG,1,741,198,13,33,KG,20400.0,21624.0,20400.0,31565.0,33.0,102587638.0,2.0,11349.0,41.0
90,169,COL,MDE,3,169,198,5,33,KG,106.0,87.0,106.0,87.0,106.0,87.0,4558.0,53.0,14353942.0
4,249,USA,BOG,4,249,198,68,11,U,723.0,103.0,59.0,103.0,59.0,10587.0,21.0,33308844.0,86.0
48,105,BRA,CTG,1,431,199,5,33,KG,16798.0,32.0,18195.0,6.0,16798.0,32.0,77104.0,29.0,241836834.0
90,149,CAN,MDE,4,169,198,5,11,U,6560.0,1551.0,97.0,1396.0,2318.0,1.0,7233770.0,13.0,0.0
35,647,DOM,BUN,1,741,198,76,33,KG,8200.0,9239.0,8200.0,28402.0,39.0,88631362.0,13.0,26618.0,63.0
3,249,USA,BOG,4,253,199,11,33,KG,785.0,936.0,4.0,785.0,5102.0,5.0,16022819.0,47.0,0.0
35,245,ESP,BUN,1,434,198,25,33,KG,20.0,58.0,23.0,7.0,20.0,58.0,995.0,38.0,3131604.0
48,249,USA,CTG,1,43,198,50,11,U,23.0,9500.0,1.0,9030.0,77100.0,242342261.0,0.0,7538.0,49.0
3,239,ECU,BOG,7,239,198,68,67,M3,1181.0,63.0,1100518.0,99.0,1100518.0,99.0,777325.0,83.0,2456228160.0
48,317,GTM,CTG,1,434,198,68,67,M3,24.0,9.0,16000.0,14400.0,18400.0,57418304.0,0.0,0.0,0.0
3,97,BOL,BOG,4,249,198,25,33,KG,205.0,91.0,236.0,83.0,205.0,91.0,4750.0,69.0,14900966.0
35,580,PAN,BUN,1,467,2,11,11,U,84.0,6.0,55.0,6.0,36.0,25.0,2.0,79751.0,7.0
3,830,UKR,BOG,4,445,198,25,11,U,300.0,5.0,5.0,5.0,90.0,282293.0,1.0,0.0,0.0
90,580,PAN,MDE,4,169,198,5,33,KG,94.0,5.0,105.0,94.0,5.0,375.0,23.0,1172578.0,74.0
48,493,MEX,CTG,1,434,198,11,11,U,3.0,9.0,4.0,7.0,8.0,6.0,53.0,20638.0,19.0
35,845,URY,CTG,1,741,198,76,33,KG,5100.0,5.0,5700.0,5.0,5100.0,5.0,49899.0,38.0,156990435.0
3,211,CHL,BOG,4,211,199,11,33,KG,4.0,36.0,4.0,72.0,4.0,36.0,34.0,110500.0,34.0
90,239,ECU,BOG,4,169,198,5,33,KG,223.0,11.0,223.0,98.0,223.0,11.0,2662.0,88.0,8544010.0
35,589,PER,BUN,1,23,198,5,11,U,1135.0,719.0,68.0,595.0,88.0,10998.0,15.0,34840599.0,45.0
90,493,MEX,BOG,4,493,198,5,11,U,3851.0,577.0,62.0,474.0,55.0,31898.0,14.0,100063238.0,8.0
35,249,USA,BUN,1,741,198,52,33,KG,19222.0,19387.0,19222.0,55513.0,13.0,174181327.0,5.0,0.0,0.0
3,249,USA,BOG,4,249,198,25,11,U,407.0,181.0,161.0,1261.0,41.0,4034228.0,61.0,0.0,0.0
3,249,USA,BOG,4,249,198,5,11,U,324.0,43.0,63.0,35.0,158.0,84.0,495669.0,75.0,0.0
3,242,SLV,BOG,4,249,198,25,33,KG,302.0,47.0,320.0,55.0,302.0,47.0,3259.0,53.0,10259077.0
3,249,USA,BOG,4,249,198,11,11,U,725170.0,20153.0,95.0,18272.0,66669.0,5.0,210670624.0,2.0,0.0
3,218,TWN,BOG,4,249,198,11,11,U,45284.0,4062.0,3249.0,6.0,32200.0,100482032.0,0.0,0.0,0.0
3,149,CAN,BOG,4,249,198,11,11,U,250.0,11.0,9.0,30.0,94097.0,7.0,30.0,0.0,0.0
48,211,CHL,CTG,1,467,4,11,11,U,268.0,5489.0,4830.0,10000.0,31365900.0,0.0,0.0,0.0,0.0
3,386,ITA,BOG,4,445,198,25,11,U,550.0,31.0,29.0,181.0,5.0,569485.0,29.0,0.0,0.0
48,493,MEX,CTG,1,23,198,5,11,U,54620000.0,14613.0,96.0,13930.0,43.0,21934.0,69021316.0,6.0,3985.0
90,317,GTM,BOG,4,580,198,5,11,U,554.0,112.0,93.0,105.0,33.0,4594.0,96.0,14480970.0,49.0
90,589,PER,MDE,4,169,198,5,33,KG,292.0,32.0,292.0,32.0,292.0,32.0,682.0,21.0,2128877.0
3,239,ECU,BOG,4,239,198,25,11,U,7000.0,195.0,8.0,175.0,74.0,2151.0,41.0,6778189.0,31.0
35,211,CHL,BUN,1,434,198,76,11,U,2040.0,1141.0,97.0,994.0,65.0,34504.0,109303841.0,4.0,27554.0
48,249,USA,CTG,1,43,198,25,11,U,1425.0,1539.0,1458.0,11346.0,64.0,36040030.0,92.0,0.0,0.0
3,244,ARE,BOG,4,149,198,11,33,KG,30.0,40.0,30.0,1950.0,6337519.0,5.0,0.0,0.0,0.0
3,239,ECU,BOG,4,850,104,11,11,U,40.0,,88.0,,3.0,100.0,8.0,317670.0,18.0
37,239,ECU,IPI,3,169,198,5,11,U,1221.0,2322.0,1.0,2162.0,28.0,28413.0,56.0,89716383.0,93.0
88,239,ECU,BOG,4,169,198,76,11,U,253490.0,410.0,99.0,386.0,35.0,9196.0,35.0,28973836.0,37.0
87,249,USA,BAQ,1,434,199,8,11,U,12993000.0,62465.0,49.0,58939.0,18.0,65106.0,43.0,205406554.0,1.0
35,676,RUS,BUN,1,741,198,66,33,KG,53388.0,53901.0,53388.0,141478.0,2.0,447144680.0,7.0,0.0,0.0
3,580,PAN,BOG,4,580,198,11,11,U,1.0,5.0,2.0,18.0,54.0,60255.0,18.0,0.0,0.0
3,493,MEX,BOG,4,249,104,11,11,U,10.0,4.0,22.0,3.0,8.0,2788.0,8811529.0,76.0,0.0
48,245,ESP,CTG,1,351,198,11,11,U,17.0,1367.0,56.0,1367.0,56.0,6434.0,43.0,20107336.0,37.0
48,580,PAN,CTG,1,580,198,13,33,KG,28070.0,92.0,28580.0,92.0,28070.0,92.0,9287.0,34.0,28981701.0
37,239,ECU,IPI,3,169,198,5,13,MIL,3064.0,88.0,98.0,84.0,86.0,2051.0,39.0,6453960.0,13.0
35,589,PER,BUN,1,580,199,76,33,KG,553500.0,555049.0,553500.0,191831.0,8.0,602577657.0,8.0,182508.0,78.0
90,239,ECU,BOG,4,169,199,5,33,KG,64.0,2.0,64.0,2.0,64.0,2.0,402.0,3.0,1272659.0
90,249,USA,MDE,4,169,198,5,11,U,12259.0,1668.0,17.0,1492.0,2674.0,54.0,8433117.0,45.0,0.0
90,211,CHL,BOG,4,211,198,5,11,U,6.0,2.0,2.0,2.0,15.0,35.0,99.0,113639.0,14.0
37,239,ECU,IPI,3,239,198,17,33,KG,16029.0,82.0,16649.0,14.0,16029.0,82.0,44122.0,25.0,141568886.0
35,211,CHL,BUN,1,431,104,11,11,U,30.0,3.0,12.0,3.0,4.0,,3.0,949.0,42.0
35,249,USA,CTG,1,580,198,66,33,KG,10573.0,5.0,10996.0,83.0,10573.0,5.0,29356.0,3.0,95400635.0
3,589,PER,BOG,4,169,198,11,33,KG,6.0,2.0,6.0,65.0,6.0,2.0,68.0,66.0,214257.0
3,239,ECU,IPI,3,239,198,11,11,U,130.0,218.0,85.0,146.0,51.0,3145.0,95.0,9965929.0,16.0
90,239,ECU,BOG,4,169,198,5,11,U,1929.0,125.0,110.0,7.0,36142.0,7.0,115307758.0,9.0,21586.0
48,63,ARG,CTG,1,607,198,11,11,U,670.0,6839.0,81.0,5873.0,1.0,36414.0,6.0,118338346.0,4.0
48,199,CUB,CTG,1,741,2,5,11,U,1.0,46.0,45.0,,1.0,325.0,0.0,0.0,0.0
90,249,USA,MDE,4,249,198,5,11,U,4800.0,700.0,12.0,630.0,552.0,1731988.0,32.0,0.0,0.0
90,317,GTM,MDE,4,580,198,5,11,U,96.0,16.0,5.0,15.0,23.0,286.0,72.0,931768.0,32.0
48,345,HND,CTG,1,741,198,17,11,U,1.0,17.0,17.0,17.0,26.0,95.0,84908.0,13.0,16.0
48,611,PRI,CTG,1,434,198,13,33,KG,25303.0,28537.0,25303.0,28037.0,91113240.0,75.0,0.0,0.0,0.0
87,249,USA,BAQ,1,43,198,8,82,M2,75.0,6.0,3787.0,66.0,3475.0,82.0,11619.0,92.0,36609487.0
37,239,ECU,IPI,3,169,198,5,33,KG,341.0,61.0,418.0,27.0,341.0,61.0,2886.0,4.0,9234666.0
3,249,USA,BOG,4,249,198,25,11,U,3056744.0,1307520.0,1.0,1118754.0,10728735.0,63.0,33479663258.0,8007220.0,6.0
3,493,MEX,BOG,4,249,198,25,11,U,38000.0,511.0,58.0,483.0,31.0,2530.0,74.0,7990862.0,16.0
48,242,SLV,CTG,1,741,198,5,33,KG,3878.0,4.0,4613.0,63.0,3878.0,4.0,31859.0,99957422.0,46.0
3,580,PAN,BOG,4,169,198,5,33,KG,409.0,454.0,37.0,409.0,2932.0,5.0,9241744.0,42.0,0.0
90,493,MEX,BOG,4,249,2,5,11,U,1.0,1.0,,4.0,4.0,12653.0,84.0,0.0,0.0
35,399,JPN,BUN,1,434,198,19,33,KG,4217.0,4274.0,4217.0,19802.0,18.0,61793890.0,82.0,0.0,0.0
48,317,GTM,CTG,1,434,198,13,11,U,2607200.0,15704.0,59.0,14020.0,33.0,57024.0,62.0,181864959.0,4.0
37,239,ECU,IPI,3,239,198,25,11,U,60.0,388.0,62.0,349.0,99.0,15835.0,8.0,49416564.0,4.0
48,317,GTM,CTG,1,607,199,13,11,U,1.0,7000.0,7000.0,37440.0,117473990.0,4.0,0.0,6002.0,7.0
35,127,CPV,BUN,1,741,198,76,33,KG,1382.0,48.0,1555.0,37.0,1382.0,48.0,5925.0,19254768.0,75.0
35,242,SLV,BUN,1,434,198,76,33,KG,37968.0,39606.0,37968.0,38042.0,6.0,123637075.0,4.0,0.0,1750.0
87,27,ABW,BAQ,1,741,198,11,33,KG,60.0,53.0,69.0,83.0,60.0,53.0,198.0,4.0,626451.0
3,628,GBR,BOG,4,249,198,5,11,U,13474.0,2331.0,1922.0,10229.0,84.0,32504133.0,37.0,0.0,0.0
37,239,ECU,IPI,3,169,198,66,82,M2,32064.0,5439.0,99.0,5239.0,5.0,22050.0,4.0,68809596.0,22.0
37,239,ECU,IPI,3,169,104,11,11,U,33.0,263.0,255.0,11.0,231.0,727783.0,98.0,0.0,0.0
48,249,USA,CTG,1,434,198,11,11,U,2000.0,138.0,19.0,134.0,94.0,860.0,2690140.0,2.0,0.0
48,105,BRA,CTG,1,23,198,5,33,KG,60.0,62.0,61.0,60.0,270.0,854134.0,2.0,189.0,94.0
48,345,HND,CTG,1,607,198,25,11,U,34.0,15.0,72.0,14.0,62.0,385.0,46.0,1252648.0,63.0
35,399,JPN,BUN,1,580,198,76,33,KG,2999.0,3048.0,99.0,2999.0,26686.0,47.0,83733069.0,45.0,0.0
3,580,PAN,BOG,4,169,104,11,33,KG,24.0,26.0,66.0,24.0,283.0,2.0,888020.0,53.0,0.0
3,580,PAN,BOG,4,169,198,11,11,U,17.0,11.0,3.0,9.0,35.0,335.0,49.0,1059316.0,38.0
35,603,POL,BUN,1,741,198,76,33,KG,38180.0,44481.0,36.0,38180.0,3320.0,10502687.0,2.0,0.0,0.0
48,850,VEN,MAI,3,850,198,13,33,KG,144.0,144.0,144.0,12131.0,7.0,38095843.0,2.0,0.0,733.0
90,249,USA,BOG,4,211,199,5,11,U,616.0,167.0,2.0,112.0,2.0,2515.0,98.0,7908278.0,65.0
3,493,MEX,BOG,4,580,198,11,11,U,21.0,105.0,97.0,97.0,7.0,520.0,46.0,1648744.0,39.0
35,97,BOL,BUN,1,741,2,17,11,U,2.0,1.0,5.0,1.0,2.0,6500.0,2.0,0.0,0.0
35,589,PER,BUN,1,232,198,76,33,KG,24.0,7.0,27.0,17.0,24.0,7.0,39626.0,8.0,127142655.0
90,249,USA,MDE,4,249,198,5,11,U,80.0,25.0,17.0,96.0,301458.0,24.0,0.0,0.0,0.0
3,764,SWE,BOG,4,23,199,11,11,U,20080.0,504.0,499.0,7111.0,4.0,22527919.0,6.0,0.0,0.0
37,239,ECU,IPI,3,239,198,25,33,KG,3771.0,5.0,4168.0,5.0,3771.0,5.0,14325.0,78.0,44704456.0
35,239,ECU,BUN,1,741,198,5,33,KG,80030.0,80550.0,19.0,80030.0,105094.0,9.0,331839248.0,6.0,0.0
35,589,PER,BUN,1,741,198,17,11,U,1080.0,3286.0,89.0,3221.0,5338.0,8.0,16660045.0,72.0,4163.0
3,647,DOM,BOG,4,580,198,11,33,KG,79.0,7.0,81.0,33.0,79.0,7.0,8602.0,3.0,27161934.0
90,149,CAN,MDE,4,249,198,5,11,U,103614.0,4984.0,64.0,4437.0,25.0,15969.0,49.0,50136114.0,72.0
3,493,MEX,CTG,1,434,198,25,33,KG,10945.0,46.0,11996.0,29.0,10945.0,46.0,90639.0,41.0,283970815.0
3,249,USA,BOG,4,249,198,25,11,U,6200.0,197.0,33.0,108.0,5.0,1054.0,3338924.0,44.0,972.0
48,647,DOM,CTG,1,741,198,5,33,KG,1970.0,2112.0,1970.0,36403.0,76.0,118312584.0,0.0,1050.0,209.0
3,249,USA,BOG,4,105,198,11,11,U,42197.0,2981.0,35.0,2892.0,5437.0,17.0,17007848.0,36.0,5437.0
48,391,JAM,CTG,1,472,198,76,33,KG,8039.0,32.0,8801.0,44.0,8039.0,32.0,14470.0,24.0,47028424.0
3,573,NLD,BOG,4,169,198,25,11,U,74560.0,2331.0,21.0,2317.0,12265.0,38699763.0,1.0,12265.0,0.0
48,361,IND,CTG,1,351,199,13,33,KG,1638000.0,1673872.0,1638000.0,1353858.0,55.0,4375661997.0,1353858.0,55.0,41805.0
3,239,ECU,BOG,4,249,198,25,11,U,291.0,52.0,6.0,47.0,56.0,806.0,7.0,2515389.0,79.0
3,399,JPN,BOG,4,211,198,11,11,U,2100.0,477.0,84.0,463.0,34.0,304.0,5.0,955091.0,65.0
3,676,RUS,BOG,4,445,198,25,11,U,1200.0,138.0,44.0,131.0,168.0,544521.0,6.0,0.0,0.0
90,589,PER,MDE,4,169,198,5,11,U,458.0,87.0,62.0,78.0,99.0,2349.0,1.0,7522757.0,7.0
90,759,SDN,BOG,4,827,198,5,33,KG,180.0,205.0,180.0,19500.0,61161554.0,0.0,0.0,0.0,60.0
3,218,TWN,BOG,4,827,198,25,11,U,57300.0,1974.0,98.0,1778.0,9363.0,29619475.0,98.0,9363.0,0.0
3,589,PER,BOG,4,169,198,25,11,U,230.0,108.0,33.0,97.0,26.0,2095.0,3.0,6538509.0,36.0
87,249,USA,BAQ,1,43,199,8,33,KG,2610.0,2687.0,2610.0,6996.0,59.0,22087496.0,69.0,0.0,0.0
4,493,MEX,BOG,4,249,199,68,11,U,1996.0,1178.0,32.0,1126.0,10186.0,31985637.0,86.0,0.0,0.0
48,580,PAN,CTG,1,580,198,54,19,2U,2592.0,4820.0,49.0,4380.0,15474.0,24.0,48684125.0,43.0,0.0
48,149,CAN,CTG,1,43,198,5,11,U,1870.0,1284.0,98.0,1182.0,19.0,25078.0,43.0,80465647.0,36.0
35,589,PER,BUN,1,628,198,11,33,KG,252.0,6.0,278.0,7.0,252.0,6.0,3822.0,33.0,11944628.0
3,589,PER,BOG,4,589,198,11,33,KG,56.0,56.0,56.0,2765.0,8985558.0,75.0,0.0,0.0,0.0
90,53,SAU,MDE,4,169,198,5,11,U,10300.0,1780.0,86.0,1602.0,7328.0,23033516.0,16.0,0.0,0.0
37,239,ECU,IPI,3,169,198,25,33,KG,672.0,69.0,778.0,45.0,672.0,69.0,16961.0,77.0,53202118.0
48,493,MEX,CTG,1,23,198,11,11,U,1.0,31.0,69.0,30.0,218.0,81.0,702065.0,1.0,0.0
89,850,VEN,CUC,3,850,198,25,11,U,180.0,44.0,39.0,43.0,2472.0,7714024.0,32.0,0.0,79.0
90,249,USA,MDE,4,169,198,5,33,KG,55.0,64.0,73.0,55.0,540.0,1710261.0,9.0,0.0,0.0
3,149,CAN,BOG,4,249,198,11,11,U,10300.0,740.0,677.0,2942.0,5.0,9229416.0,7.0,2810.0,79.0
